	Sentence_ID	Label	Sentence	Semantic_Info
0	0065e0af231a43fe9e5c4aed56dc2f0d-3	陈述句	三星	品牌:【三星】
1	0065e0af231a43fe9e5c4aed56dc2f0d-5	陈述句	3000以下	价格:【0,3000】
2	0065e0af231a43fe9e5c4aed56dc2f0d-7	陈述句	5.0寸左右	主屏尺寸:【4,6】
3	0065e0af231a43fe9e5c4aed56dc2f0d-9	陈述句	1300	后置摄像头像素:【1235,1365】
4	0065e0af231a43fe9e5c4aed56dc2f0d-11	陈述句	摄像头像素	后置摄像头像素:
5	007146354e3244f5b4662f6f864a731a-3	陈述句	努比亚X6	品牌:【努比亚】;型号:【X6】
6	007146354e3244f5b4662f6f864a731a-5	特指问	有什么优势吗？	优点:
7	007146354e3244f5b4662f6f864a731a-7	特指问	我想问下，你感觉努比亚X6怎样？	品牌:【努比亚】;型号:【X6】;优点:;缺点:
8	007146354e3244f5b4662f6f864a731a-9	特指问	那它的配置如何？	手机部件:
9	007146354e3244f5b4662f6f864a731a-11	特指问	主频呢？	CPU频率:
10	007146354e3244f5b4662f6f864a731a-13	特指问	屏幕尺寸呢？	主屏尺寸:
11	007146354e3244f5b4662f6f864a731a-15	特指问	保修呢？	保修政策:
12	007146354e3244f5b4662f6f864a731a-17	特指问	华为G7-TL00的配置如何	品牌:【华为】;型号:【G7-TL00】;手机部件:
13	007146354e3244f5b4662f6f864a731a-19	特指问	人气如何？	平均月销量:
14	007146354e3244f5b4662f6f864a731a-21	特指问	月销量？	平均月销量:
15	007146354e3244f5b4662f6f864a731a-23	选择问	那努比亚X6和这款比，哪个好点？	品牌:【努比亚】;型号:【X6】【这款】
16	06d9016ac53140f1937dc64acd443d11-1	陈述句	我想买一款比较轻的手机	手机重量:【0,250】
17	06d9016ac53140f1937dc64acd443d11-3	陈述句	随便什么牌子，但前置摄像头像素要200万	品牌:【随便】;后置摄像头像素:【190,210】
18	06d9016ac53140f1937dc64acd443d11-5	陈述句	前置摄像头像素200万	前置摄像头像素:【190,210】
19	06d9016ac53140f1937dc64acd443d11-7	陈述句	没要求	品牌:【没要求】
20	06d9016ac53140f1937dc64acd443d11-9	陈述句	小米吧	品牌:【小米】
21	06d9016ac53140f1937dc64acd443d11-11	陈述句	那就康佳吧	品牌:【康佳】
22	06d9016ac53140f1937dc64acd443d11-13	陈述句	2000元	价格:【1900,2100】
23	06d9016ac53140f1937dc64acd443d11-15	陈述句	那就500	价格:【475,525】
24	06d9016ac53140f1937dc64acd443d11-17	是非问	待机时间有1天吗	理论待机时间:【21,26】
25	06d9016ac53140f1937dc64acd443d11-19	特指问	哪款能待机一天？	理论待机时间:【21,26】
26	06d9016ac53140f1937dc64acd443d11-21	陈述句	我要待机一天的手机	理论待机时间:【21,26】
27	06d9016ac53140f1937dc64acd443d11-23	陈述句	我要2000元的手机	价格:【1900,2100】
28	06d9016ac53140f1937dc64acd443d11-25	陈述句	那400元	价格:【380,420】
29	06d9016ac53140f1937dc64acd443d11-27	是非问	他的前置摄像头像素有200万吗	前置摄像头像素:【190,210】
30	0e37880c0af54e58999375e5910ece36-1	陈述句	我想买一部自拍比较好的手机	前置摄像头像素:【好】
31	0e37880c0af54e58999375e5910ece36-3	特指问	有什么品牌可选择	品牌:
32	0e37880c0af54e58999375e5910ece36-5	陈述句	小辣椒	品牌:【小辣椒】
33	0e37880c0af54e58999375e5910ece36-7	陈述句	2000以下吧	价格:【0,2000】
34	0e37880c0af54e58999375e5910ece36-9	陈述句	5英寸	主屏尺寸:【4.75,5.25】
35	0e37880c0af54e58999375e5910ece36-11	特指问	前置摄像头怎样	前置摄像头像素:
36	0e37880c0af54e58999375e5910ece36-13	陈述句	那我要其他手机	候选手机:【其他】
37	0e37880c0af54e58999375e5910ece36-15	陈述句	前置摄像头	前置摄像头像素:
38	0e37880c0af54e58999375e5910ece36-17	陈述句	我想要天语手机	品牌:【天语】
39	0e37880c0af54e58999375e5910ece36-19	陈述句	800万	后置摄像头像素:【760,840】
40	0e37880c0af54e58999375e5910ece36-23	陈述句	我要前置摄像头像素高的	前置摄像头像素:【495,10000000】
41	0fea204c56da4411bb47d7dd84262a88-3	陈述句	我想要一台前置摄像头好的手机	前置摄像头像素:【好】
42	0fea204c56da4411bb47d7dd84262a88-5	陈述句	三星吧	品牌:【三星】
43	0fea204c56da4411bb47d7dd84262a88-7	陈述句	我喜欢拍照	功能:【拍照】
44	0fea204c56da4411bb47d7dd84262a88-9	特指问	多少钱	价格
45	0fea204c56da4411bb47d7dd84262a88-11	陈述句	3000	价格:【2850,3150】
46	0fea204c56da4411bb47d7dd84262a88-13	陈述句	5寸	主屏尺寸:【4.75,5.25】
47	0fea204c56da4411bb47d7dd84262a88-15	正反问	前置摄像头好吗	前置摄像头像素:【好】
48	0fea204c56da4411bb47d7dd84262a88-19	特指问	哪几款	候选手机:
49	0fea204c56da4411bb47d7dd84262a88-23	是非问	有高一点的吗	前置摄像头像素:【高】
50	0fea204c56da4411bb47d7dd84262a88-25	是非问	有前置摄像头500万左右的吗	前置摄像头像素:【400,600】
51	0fea204c56da4411bb47d7dd84262a88-27	陈述句	魅族	品牌:【魅族】
52	0fea204c56da4411bb47d7dd84262a88-29	陈述句	OPPO	品牌:【OPPO】
53	0fea204c56da4411bb47d7dd84262a88-31	特指问	前置摄像头多少	前置摄像头像素:
54	0fea204c56da4411bb47d7dd84262a88-35	是非问	支持美颜功能吗	拍摄特色:【美颜】
55	0fea204c56da4411bb47d7dd84262a88-37	陈述句	就要OPPO吧	品牌:【OPPO】
56	0fea204c56da4411bb47d7dd84262a88-39	陈述句	后置呢	后置摄像头像素: 
57	0fea204c56da4411bb47d7dd84262a88-41	陈述句	前置	前置摄像头像素:
58	117b843bc805464eaa5e7adebc78a490-1	陈述句	我要三星的手机	品牌:【三星】
59	117b843bc805464eaa5e7adebc78a490-3	陈述句	无所谓	价格:【无所谓】
60	117b843bc805464eaa5e7adebc78a490-5	陈述句	那么4000以上吧	价格:【4000,2147483647】
61	117b843bc805464eaa5e7adebc78a490-7	特指问	好的，它的人气如何	人气:
62	117b843bc805464eaa5e7adebc78a490-9	特指问	它的主屏分辨率是多少	主屏分辨率:
63	117b843bc805464eaa5e7adebc78a490-13	特指问	恩，它的后置摄像头像素是多少	后置摄像头像素: 
64	117b843bc805464eaa5e7adebc78a490-17	陈述句	主屏分辨率呢？	主屏分辨率:
65	117b843bc805464eaa5e7adebc78a490-19	特指问	好的，它的价格是多少	价格:
66	128a103586a34a839e7834e6ec56410d-1	陈述句	我要4G手机	网络制式: 【4g网络】
67	128a103586a34a839e7834e6ec56410d-3	是非问	没有用4G卡的手机？	网络制式: 【4g网络】
68	128a103586a34a839e7834e6ec56410d-5	陈述句	RAM容量	RAM容量:
69	128a103586a34a839e7834e6ec56410d-7	陈述句	最大拓展容量	最大拓展容量:
70	128a103586a34a839e7834e6ec56410d-9	陈述句	2G	RAM容量:2G
71	128a103586a34a839e7834e6ec56410d-13	陈述句	4G手机	网络制式: 【4g网络】
72	128a103586a34a839e7834e6ec56410d-15	陈述句	我想要3G手机	网络制式: 【3g】
73	128a103586a34a839e7834e6ec56410d-17	陈述句	2G呢·	网络制式: 【2g】
74	136d207e771c44709de41950d9dd382c-1	陈述句	我要买5寸以上的手机	主屏尺寸:【5,2147483647】
75	136d207e771c44709de41950d9dd382c-3	陈述句	华为	品牌:【华为】
76	136d207e771c44709de41950d9dd382c-5	陈述句	1000	价格:【950,1050】
77	136d207e771c44709de41950d9dd382c-7	陈述句	手机重量	手机重量:
78	136d207e771c44709de41950d9dd382c-9	陈述句	内存	RAM容量:
79	136d207e771c44709de41950d9dd382c-11	陈述句	屏幕尺寸	主屏尺寸:
80	136d207e771c44709de41950d9dd382c-13	陈述句	颜色	颜色:
81	136d207e771c44709de41950d9dd382c-15	陈述句	操作系统	操作系统:
82	17ae67a479fa4b2a9344ab28920700f8-1	正反问	有没有性价比高的手机	性价比:【高】
83	17ae67a479fa4b2a9344ab28920700f8-3	陈述句	价位1000以下	价格:【0,1000】
84	17ae67a479fa4b2a9344ab28920700f8-5	陈述句	红米或者小米	品牌:【红米】【小米】
85	17ae67a479fa4b2a9344ab28920700f8-7	是非问	有推荐型号吗？	型号:
86	17ae67a479fa4b2a9344ab28920700f8-9	正反问	有没有1000以下的红米	价格:【0,1000】;品牌:【红米】
87	17ae67a479fa4b2a9344ab28920700f8-11	陈述句	价格	价格:【0,1000】
88	17fe8e98b6014ed6928152be716d5cd8-1	陈述句	你好 我想要小米手机	品牌:【小米】
89	17fe8e98b6014ed6928152be716d5cd8-3	陈述句	小米 不要三星哦	品牌:【小米】【Not-三星】
90	17fe8e98b6014ed6928152be716d5cd8-5	是非问	小米可以？	品牌:【小米】
91	17fe8e98b6014ed6928152be716d5cd8-7	正反问	那诺基亚的有没有？	品牌:【诺基亚】
92	17fe8e98b6014ed6928152be716d5cd8-9	陈述句	3000的	价格:【2850,3150】
93	17fe8e98b6014ed6928152be716d5cd8-11	陈述句	149吧	价格:【141.55,156.45】
94	17fe8e98b6014ed6928152be716d5cd8-13	陈述句	可是我还想比较一下小米手机	品牌:【小米】
95	17fe8e98b6014ed6928152be716d5cd8-15	陈述句	就是你们没有收录小米咯	品牌:【小米】
96	195317eda402470498da69d0c7f4142b-1	特指问	三星的有什么推荐	品牌:【三星】
97	195317eda402470498da69d0c7f4142b-3	特指问	这款价格多少啊	价格:
98	195317eda402470498da69d0c7f4142b-5	特指问	配置如何	手机部件:
99	195317eda402470498da69d0c7f4142b-7	特指问	还有呢	手机部件:【其他】
100	195317eda402470498da69d0c7f4142b-9	正反问	有没贵点的三星手机啊	价格:【1699,2147483647】;品牌:【三星】
101	195317eda402470498da69d0c7f4142b-11	特指问	有多大	主屏尺寸:
102	195317eda402470498da69d0c7f4142b-13	陈述句	6寸	主屏尺寸:【5.7,6.3】
103	195317eda402470498da69d0c7f4142b-15	陈述句	900	后置摄像头像素:【855,945】
104	195317eda402470498da69d0c7f4142b-19	陈述句	900万像素左右	后置摄像头像素:【720,1080】
105	195317eda402470498da69d0c7f4142b-21	陈述句	1600万像素	后置摄像头像素:【1520,1680】
106	195317eda402470498da69d0c7f4142b-23	特指问	这款多少钱	价格:
107	19bdc57aef2c4e50b0ab36ed277de5c0-1	陈述句	小米手机	品牌:【小米】
108	19bdc57aef2c4e50b0ab36ed277de5c0-3	陈述句	2000左右吧	价格:【1600,2400】
109	19bdc57aef2c4e50b0ab36ed277de5c0-5	是非问	有紫色的吗	颜色:【紫】
110	19bdc57aef2c4e50b0ab36ed277de5c0-7	是非问	哦哦这样，那操作系统是安卓的吗	操作系统:【安卓】
111	19bdc57aef2c4e50b0ab36ed277de5c0-9	特指问	那操作系统是什么	操作系统:
112	19bdc57aef2c4e50b0ab36ed277de5c0-11	是非问	手机的质量好吗	质量:【好】
113	19bdc57aef2c4e50b0ab36ed277de5c0-13	是非问	手机质量好吗	质量:【好】
114	19bdc57aef2c4e50b0ab36ed277de5c0-15	陈述句	手机质量	手机质量:
115	19ede3d8bf744a339c05ff86b460705f-1	陈述句	想买一部可以打手机游戏的手机	手机特色:【手游】
116	19ede3d8bf744a339c05ff86b460705f-3	是非问	配置高点的手机有吗	配置:【高】
117	19ede3d8bf744a339c05ff86b460705f-5	陈述句	CPU核数越高越好的	CPU核数:【高】
118	19ede3d8bf744a339c05ff86b460705f-7	陈述句	品牌都可以	品牌:【都可以】
119	19ede3d8bf744a339c05ff86b460705f-11	陈述句	没有，只要CPU核数越高越好	CPU核数:【高】
120	19ede3d8bf744a339c05ff86b460705f-13	陈述句	CPU平率	CPU频率:
121	19ede3d8bf744a339c05ff86b460705f-15	陈述句	CPU频率	CPU频率:
122	19ede3d8bf744a339c05ff86b460705f-17	陈述句	价钱无所谓	价格:【无所谓】
123	19ede3d8bf744a339c05ff86b460705f-19	陈述句	越大越好	主屏尺寸:【大】
124	19ede3d8bf744a339c05ff86b460705f-21	特指问	这款手机CPU核数多少	CPU核数:
125	19ede3d8bf744a339c05ff86b460705f-23	特指问	屏幕尺寸呢	主屏尺寸:
126	1a6699e159554adb8ac30e08fdd19154-3	陈述句	苹果6	品牌:【苹果】;型号:【6】
127	1a6699e159554adb8ac30e08fdd19154-5	特指问	是的 多少钱	价格:
128	1a6699e159554adb8ac30e08fdd19154-7	是非问	有4G的吗	RAM容量:【3686,4505】;最大拓展容量:【3686,4505】;ROM容量:【3,4】;型号:【4G】;网络制式:【4G】
129	1d1b9a1ccfff4b34a72b0e43a6dfc921-1	陈述句	4000以上的手机	价格:【4000,2147483647】
130	1d1b9a1ccfff4b34a72b0e43a6dfc921-7	特指问	那苹果4000以上的有哪些	品牌:【苹果】;价格:【4000,2147483647】
131	1d1b9a1ccfff4b34a72b0e43a6dfc921-11	是非问	你能介绍一下这部手机吗	当前手机:【介绍】
132	1d1b9a1ccfff4b34a72b0e43a6dfc921-13	特指问	这部手机屏幕多大	主屏尺寸:
133	1d1b9a1ccfff4b34a72b0e43a6dfc921-15	特指问	像素多少	后置摄像头像素: ;前置摄像头像素: 
134	1d1b9a1ccfff4b34a72b0e43a6dfc921-19	特指问	后置呢	后置摄像头像素:
135	1d1b9a1ccfff4b34a72b0e43a6dfc921-21	特指问	他有哪些颜色啊	颜色:
136	1d1b9a1ccfff4b34a72b0e43a6dfc921-23	正反问	有没有白色	颜色:【白】
137	1d1b9a1ccfff4b34a72b0e43a6dfc921-25	特指问	具体价格是多少	价格:
138	1d9f8758890a4570b1ea3ff3e5b5c670-3	陈述句	你这里有三星手机卖	品牌:【三星】
139	1d9f8758890a4570b1ea3ff3e5b5c670-5	陈述句	4000元以上的	价格:【4000,2147483647】
140	1d9f8758890a4570b1ea3ff3e5b5c670-7	陈述句	5寸左右的就行	主屏尺寸:【5寸左右】
141	1d9f8758890a4570b1ea3ff3e5b5c670-9	陈述句	这个随便	后置摄像头像素:【0,2147483647】
142	1d9f8758890a4570b1ea3ff3e5b5c670-11	特指问	这部多少钱	价格:
143	1f2bfebb56044450abab7f3618a5d682-1	陈述句	我要一款性能高的手机	性能得分:【100000,2147483647】
144	1f2bfebb56044450abab7f3618a5d682-3	陈述句	品牌没有要求	品牌:
145	1f2bfebb56044450abab7f3618a5d682-5	陈述句	价位没有要求	价格:【没有要求】
146	1f2bfebb56044450abab7f3618a5d682-7	陈述句	5.0吧	主屏尺寸:【5】
147	1f2bfebb56044450abab7f3618a5d682-9	特指问	这款手机主频是多少？	CPU频率:
148	1f2bfebb56044450abab7f3618a5d682-11	特指问	这款手机CPU频率是多少？	CPU频率:
149	1f2bfebb56044450abab7f3618a5d682-15	特指问	ROM容量是多少	ROM容量:
150	1f2bfebb56044450abab7f3618a5d682-17	特指问	这款手机CPU核数是多少个？	CPU核数:
151	1f2bfebb56044450abab7f3618a5d682-19	特指问	那么这款手机型号是什么？	型号:
152	1f2bfebb56044450abab7f3618a5d682-21	陈述句	要华为B199	品牌:【华为】;型号:【B199】
153	1f2bfebb56044450abab7f3618a5d682-23	特指问	它的CPU频率是多少？	CPU频率:
154	1f2bfebb56044450abab7f3618a5d682-25	陈述句	有点低	CPU频率:【Not-低】
155	1f2bfebb56044450abab7f3618a5d682-27	特指问	那么唐为TW95V的CPU频率是多少？	品牌:【唐为】;型号:【TW95V】;CPU频率:
156	20f5b05a24414060a8e5221d6f6123c5-1	正反问	想买一部价钱便宜的手机，有没有推荐的	价格:【0,2000】
157	20f5b05a24414060a8e5221d6f6123c5-5	是非问	500元以上的有吗	价格:【500,2000】
158	20f5b05a24414060a8e5221d6f6123c5-7	特指问	599元的有哪些品牌	价格:【569.05,628.95】;品牌:
159	20f5b05a24414060a8e5221d6f6123c5-9	陈述句	华为吧	品牌:【华为】
160	20f5b05a24414060a8e5221d6f6123c5-13	陈述句	2寸以上吧	主屏尺寸:【2,2147483647】
161	20f5b05a24414060a8e5221d6f6123c5-15	陈述句	都可以	后置摄像头像素:【0,2147483647】
162	20f5b05a24414060a8e5221d6f6123c5-17	特指问	这款手机有什么颜色	颜色:
163	20f5b05a24414060a8e5221d6f6123c5-19	是非问	没其他颜色了吗	颜色:【其他】
164	20f5b05a24414060a8e5221d6f6123c5-21	特指问	那这款多重呢	手机重量:
165	20f5b05a24414060a8e5221d6f6123c5-23	特指问	华为G616多重	品牌:【华为】;型号:【G616】;手机重量:
166	20f5b05a24414060a8e5221d6f6123c5-25	特指问	这款手机重量如何	手机重量:
167	20f5b05a24414060a8e5221d6f6123c5-27	特指问	这款手机质保时间多长	质保时间: 
168	20f5b05a24414060a8e5221d6f6123c5-29	陈述句	理论通话	理论通话时间:
169	2543fe02bfe34f0db162755b8f1ed112-1	陈述句	我想买配置高一点的手机	手机部件: 【高】
170	2543fe02bfe34f0db162755b8f1ed112-3	陈述句	屏幕大一点的	主屏尺寸:【5,2147483647】
171	2543fe02bfe34f0db162755b8f1ed112-5	陈述句	屏幕要5寸的	主屏尺寸:【4.75,5.25】
172	2543fe02bfe34f0db162755b8f1ed112-7	陈述句	LG	品牌:【LG】
173	2543fe02bfe34f0db162755b8f1ed112-9	特指问	ROM是多少	ROM容量:
174	2543fe02bfe34f0db162755b8f1ed112-11	特指问	RAM呢	RAM容量:
175	2543fe02bfe34f0db162755b8f1ed112-13	特指问	CPU是多少	CPU频率: ;CPU型号:
176	2543fe02bfe34f0db162755b8f1ed112-15	陈述句	频率	CPU频率:
177	2543fe02bfe34f0db162755b8f1ed112-17	是非问	这款手机是4核的吗	CPU核数:【4,4】
178	2543fe02bfe34f0db162755b8f1ed112-21	陈述句	换一款4核的手机吧	CPU核数:【4,4】;候选手机:【换一款】
179	2543fe02bfe34f0db162755b8f1ed112-23	特指问	屏幕多大	主屏尺寸:
180	2543fe02bfe34f0db162755b8f1ed112-25	特指问	CPU频率是多少	CPU频率:
181	2543fe02bfe34f0db162755b8f1ed112-27	特指问	RAM容量呢	RAM容量:
182	27cfd6adb8ea43be982a914b3e3d7d2f-1	陈述句	想买一部手机，2000元以下的	价格:【0,2000】
183	27cfd6adb8ea43be982a914b3e3d7d2f-3	陈述句	想要超大字体的	字体:【超大字体】
184	27cfd6adb8ea43be982a914b3e3d7d2f-5	正反问	有没有推荐的手机	候选手机:【推荐】
185	27cfd6adb8ea43be982a914b3e3d7d2f-7	陈述句	想要买一部超大字体的手机	字体:【超大字体】
186	27cfd6adb8ea43be982a914b3e3d7d2f-9	陈述句	屏幕尺寸都可以	主屏尺寸:【2.28,50.46】
187	27cfd6adb8ea43be982a914b3e3d7d2f-13	特指问	它的价格多少	价格:
188	27cfd6adb8ea43be982a914b3e3d7d2f-15	特指问	它的质保时间多少	质保时间:
189	27cfd6adb8ea43be982a914b3e3d7d2f-17	特指问	它的字体怎么样	字体:
190	27cfd6adb8ea43be982a914b3e3d7d2f-19	特指问	它的rom容量呢	ROM容量:
191	27e88d781b254b2a97d5bcd28fb137ab-1	陈述句	我要买便宜点的手机	价格:【0,2000】
192	27e88d781b254b2a97d5bcd28fb137ab-5	陈述句	价钱便宜点的	价格:【0,2000】
193	27e88d781b254b2a97d5bcd28fb137ab-7	陈述句	2000以下的	价格:【0,2000】
194	27e88d781b254b2a97d5bcd28fb137ab-13	是非问	apple？	品牌:【apple】
195	27e88d781b254b2a97d5bcd28fb137ab-17	陈述句	不用太高	后置摄像头像素:【不用太高】
196	27e88d781b254b2a97d5bcd28fb137ab-23	陈述句	CPU	CPU频率: ;CPU型号:
197	27e88d781b254b2a97d5bcd28fb137ab-25	陈述句	型号	CPU型号:
198	2836365ee5d6481d8ad17757e16d5362-1	陈述句	4000元以上的手机	价格:【4000,2147483647】
199	2836365ee5d6481d8ad17757e16d5362-3	陈述句	iPhone	品牌:【苹果】
200	2836365ee5d6481d8ad17757e16d5362-7	陈述句	5.5寸吧	主屏尺寸:【5.225,5.775】
201	2a2118c8fccc47d8ac5212ba33fd7453-1	陈述句	我想买5寸以上的手机	主屏尺寸:【5,2147483647】
202	2a2118c8fccc47d8ac5212ba33fd7453-5	陈述句	3000元到4500元	价格:【2970,4545】
203	2a2118c8fccc47d8ac5212ba33fd7453-7	陈述句	500万以上	后置摄像头像素:【500,2147483647】
204	2a2118c8fccc47d8ac5212ba33fd7453-9	特指问	价格是多少	价格:
205	2bed308d6e4b4bc29fb8038dffff7eea-1	陈述句	我要买三星手机	品牌:【三星】
206	2bed308d6e4b4bc29fb8038dffff7eea-3	陈述句	3000左右	价格:【2400,3600】
207	2bed308d6e4b4bc29fb8038dffff7eea-5	陈述句	都行	主屏尺寸:【都行】
208	2bed308d6e4b4bc29fb8038dffff7eea-7	陈述句	大一点的	主屏尺寸:【5,2147483647】
209	2bed308d6e4b4bc29fb8038dffff7eea-9	陈述句	随便	后置摄像头像素:【0,2147483647】
210	2c2860c5d28e4cd0a04a1bce74f7f4a7-1	陈述句	我想要三星S5	品牌:【三星】;型号:【S5】
211	2c2860c5d28e4cd0a04a1bce74f7f4a7-3	特指问	摄像头如何	后置摄像头像素:
212	2c2860c5d28e4cd0a04a1bce74f7f4a7-5	特指问	屏幕多少英寸	主屏尺寸:
213	2c2860c5d28e4cd0a04a1bce74f7f4a7-7	特指问	分辨率多少	主屏分辨率:
214	2c2860c5d28e4cd0a04a1bce74f7f4a7-9	特指问	价格多少	价格:
215	2c2860c5d28e4cd0a04a1bce74f7f4a7-11	特指问	什么系统	操作系统:
216	2f76067b266b4354bc0e9ef77c2a9303-1	陈述句	有4G网络的手机	网络制式:【4g】
217	2f76067b266b4354bc0e9ef77c2a9303-3	陈述句	网络格式	网络制式:【4g】
218	2f76067b266b4354bc0e9ef77c2a9303-5	陈述句	小米	品牌:【小米】
219	2f76067b266b4354bc0e9ef77c2a9303-7	陈述句	2000	价格:【1900,2100】
220	2f76067b266b4354bc0e9ef77c2a9303-9	陈述句	2100	价格:【1995,2205】
221	2f76067b266b4354bc0e9ef77c2a9303-11	陈述句	2205	价格:【2094.75,2315.25】
222	2f76067b266b4354bc0e9ef77c2a9303-13	陈述句	小米手机啊	品牌:【小米】
223	2f76067b266b4354bc0e9ef77c2a9303-15	陈述句	2000左右的	价格:【1600,2400】
224	2f76067b266b4354bc0e9ef77c2a9303-17	是非问	有4G网络吗	网络制式:【4g】
225	2f76067b266b4354bc0e9ef77c2a9303-19	特指问	有什么有4G网络的手机吗	网络制式:【4g】
226	2f76067b266b4354bc0e9ef77c2a9303-21	陈述句	网络格式是4G的手机	网络制式:【4g】
227	2f76067b266b4354bc0e9ef77c2a9303-23	特指问	是什么品牌	品牌:
228	2f76067b266b4354bc0e9ef77c2a9303-25	特指问	哪一台手机有4G网络	网络制式:【4g】
229	2fff32ac4c124a53bc497409c5dc80bf-3	是非问	能介绍我几款性价比高的吗？	性价比得分:【47.210300429184549356223175966,2147483647】
230	2fff32ac4c124a53bc497409c5dc80bf-5	是非问	有苹果吗？	品牌:【苹果】
231	2fff32ac4c124a53bc497409c5dc80bf-7	陈述句	小辣椒吧	品牌:【小辣椒】
232	2fff32ac4c124a53bc497409c5dc80bf-9	特指问	价钱怎么样？	价格:
233	2fff32ac4c124a53bc497409c5dc80bf-11	特指问	配置怎么样？	手机部件:
234	2fff32ac4c124a53bc497409c5dc80bf-13	特指问	前置摄像tourist像素多少？	前置摄像头像素: 
235	2fff32ac4c124a53bc497409c5dc80bf-15	特指问	前置摄像头像素多少？	后置摄像头像素:
236	2fff32ac4c124a53bc497409c5dc80bf-17	特指问	后置呢？	后置摄像头像素:
237	32e24ac7903d4b5cb756d540a42e8f23-1	特指问	努比亚x6这款手机如何	品牌:【努比亚】;优点:;缺点:
238	32e24ac7903d4b5cb756d540a42e8f23-3	特指问	多少钱的	价格:
239	32e24ac7903d4b5cb756d540a42e8f23-5	特指问	摄像头像素呢	后置摄像头像素:
240	32e24ac7903d4b5cb756d540a42e8f23-7	特指问	CPU核数呢	CPU核数:
241	32e24ac7903d4b5cb756d540a42e8f23-9	是非问	人气高吗	平均月销量:【高】
242	32e24ac7903d4b5cb756d540a42e8f23-13	特指问	那华为G7-TL00呢	品牌:【华为】;型号:【G7-TL00】;屏幕尺寸:
243	32e24ac7903d4b5cb756d540a42e8f23-25	特指问	摄像头像素多少	后置摄像头像素:
244	32e24ac7903d4b5cb756d540a42e8f23-27	选择问	那努比亚x6和华为G7-TL00哪一个更好	品牌:【努比亚】【华为】;型号:【x6】【G7-TL00】
245	32e24ac7903d4b5cb756d540a42e8f23-29	选择问	那华为G7-TL00和努比亚x6哪一个更好	品牌:【努比亚】【华为】;型号:【x6】【G7-TL00】
246	32e24ac7903d4b5cb756d540a42e8f23-31	陈述句	好吧 我要华为好了	品牌:【华为】
247	33d34d1772854afd84cdcc1783e6e2bb-3	特指问	什么品牌是比较受欢迎的呢	品牌:
248	33d34d1772854afd84cdcc1783e6e2bb-5	特指问	优思是哪种操作系统的呢	操作系统:
249	33d34d1772854afd84cdcc1783e6e2bb-7	陈述句	5000元以内的	价格:【0,5000】
250	33d34d1772854afd84cdcc1783e6e2bb-11	陈述句	1	主屏尺寸:【0.95,1.05】
251	33d34d1772854afd84cdcc1783e6e2bb-13	陈述句	5寸的屏幕	后置摄像头像素:【1235,1365】
252	33d34d1772854afd84cdcc1783e6e2bb-19	陈述句	1300万像素	后置摄像头像素:【1235,1365】
253	33e38c9fdfb04db9bd50fbe611be5627-1	陈述句	我想要一部屏幕为6英寸的手机	主屏尺寸:【5.7,6.3】
254	33e38c9fdfb04db9bd50fbe611be5627-5	特指问	摄像头怎样的	后置摄像头像素:
255	348a9e0329ae40faa15fe8a56e2f4190-1	陈述句	你好 来一台老人家用的手机	使用对象:【老人】
256	348a9e0329ae40faa15fe8a56e2f4190-3	正反问	大屏的有不？	主屏尺寸:【5,2147483647】
257	348a9e0329ae40faa15fe8a56e2f4190-5	陈述句	主屏尺寸	主屏尺寸:【5,2147483647】
258	348a9e0329ae40faa15fe8a56e2f4190-7	陈述句	金立吧	品牌:【金立】
259	348a9e0329ae40faa15fe8a56e2f4190-9	是非问	适合老人吗	使用对象:【老人】
260	35ecf084d5e84eaf81fdeb8db4885bc0-1	陈述句	我要4000元以下的手机	价格:【0,4000】
261	35ecf084d5e84eaf81fdeb8db4885bc0-3	陈述句	苹果	品牌:【苹果】
262	35ecf084d5e84eaf81fdeb8db4885bc0-5	特指问	它的续航能力怎样？	电池续航:
263	35ecf084d5e84eaf81fdeb8db4885bc0-7	特指问	它最近销量如何？	销售量:
264	35ecf084d5e84eaf81fdeb8db4885bc0-9	特指问	好吧，那么有什么优惠呢？	优惠:
265	369bd59a614b4122a27d1ab10412b971-3	是非问	可以从价格说起吗	价格:
266	369bd59a614b4122a27d1ab10412b971-5	陈述句	我要买3000元以上的手机	价格:【3000,2147483647】
267	369bd59a614b4122a27d1ab10412b971-7	陈述句	三星，华为	品牌:【三星】【华为】
268	369bd59a614b4122a27d1ab10412b971-11	陈述句	4寸以上的	主屏尺寸:【4,2147483647】
269	369bd59a614b4122a27d1ab10412b971-13	陈述句	800万以上	后置摄像头像素:【800,2147483647】
270	369bd59a614b4122a27d1ab10412b971-15	正反问	是不是安卓系统的	操作系统:【安卓】
271	369bd59a614b4122a27d1ab10412b971-17	特指问	它的RAM内存多大	RAM容量:
272	36f6968d00d945b78342a4786ff5995d-1	特指问	哪些手机是比较适合玩游戏的？	产品特色:游戏
273	36f6968d00d945b78342a4786ff5995d-3	陈述句	IPhone	型号:【IPhone】
274	36f6968d00d945b78342a4786ff5995d-5	特指问	哪些手机玩游戏是比较流畅的？	感应器类型:
275	36f6968d00d945b78342a4786ff5995d-7	特指问	支持重力感应的手机有哪些？	感应器类型:【重力】;感应器类型:【重力】
276	36f6968d00d945b78342a4786ff5995d-9	特指问	这款手机多少钱	价格:
277	36f6968d00d945b78342a4786ff5995d-11	是非问	支持WLAN吗？	WLAN:【支持WLAN】
278	36f6968d00d945b78342a4786ff5995d-13	特指问	那耳机插孔类型是哪种？	耳机插孔类型:
279	36f6968d00d945b78342a4786ff5995d-15	正反问	这个手机有没有赠品？	赠品:
280	36f6968d00d945b78342a4786ff5995d-21	特指问	苹果手机的后摄像头是多少？	品牌:【苹果】;后置摄像头像素:
281	36f6968d00d945b78342a4786ff5995d-23	陈述句	5000以内	价格:【0,5000】
282	37a9986290fc4a32b18847e4b8578c0e-1	是非问	小辣椒LA3有吗	品牌:【小辣椒】;型号:【LA3】
283	37a9986290fc4a32b18847e4b8578c0e-3	特指问	这款手机好用吗	优点:;缺点:
284	37a9986290fc4a32b18847e4b8578c0e-7	陈述句	型号LA3的	型号:【LA3】
285	37a9986290fc4a32b18847e4b8578c0e-9	特指问	像素怎么样	后置摄像头像素: ;前置摄像头像素:
286	37a9986290fc4a32b18847e4b8578c0e-13	陈述句	CPU呢	CPU型号: ;CPU频率:
287	37a9986290fc4a32b18847e4b8578c0e-17	陈述句	COU频率	CPU频率:
288	37a9986290fc4a32b18847e4b8578c0e-19	陈述句	小辣椒LA3	品牌:【小辣椒】;型号:【LA3】
289	37a9986290fc4a32b18847e4b8578c0e-21	特指问	这款手机CPU频率多大	CPU频率:
290	37a9986290fc4a32b18847e4b8578c0e-23	特指问	尺寸呢	主屏尺寸:
291	37a9986290fc4a32b18847e4b8578c0e-25	特指问	外观什么颜色的	颜色:
292	37a9986290fc4a32b18847e4b8578c0e-27	特指问	有什么颜色的	颜色:
293	3959504bca1a4dbfbd947d0ff57d2996-5	陈述句	1200一下	价格:【1140,1260】
294	3959504bca1a4dbfbd947d0ff57d2996-7	陈述句	1200以下	价格:【0,1200】
295	3959504bca1a4dbfbd947d0ff57d2996-9	陈述句	5寸左右	主屏尺寸:【4,6】
296	3959504bca1a4dbfbd947d0ff57d2996-11	陈述句	500万就够了	后置摄像头像素:【475,525】
297	3959504bca1a4dbfbd947d0ff57d2996-13	陈述句	800万吧	后置摄像头像素:【760,840】
298	3959504bca1a4dbfbd947d0ff57d2996-15	特指问	它的价格是多少	价格:
299	3959504bca1a4dbfbd947d0ff57d2996-17	特指问	你能说说它的配置吗	手机部件:
300	3959504bca1a4dbfbd947d0ff57d2996-19	特指问	内存多大	RAM容量:
301	39d3074e9fe5435891e026edceaa487e-1	是非问	配置比较高的手机有吗	手机部件:【高】
302	39d3074e9fe5435891e026edceaa487e-5	陈述句	是手机配置	手机部件:
303	39d3074e9fe5435891e026edceaa487e-9	陈述句	没有	价格:【没有要求】
304	39d3074e9fe5435891e026edceaa487e-11	陈述句	可以玩手机游戏的	产品特点:【手游】
305	39d3074e9fe5435891e026edceaa487e-13	陈述句	比较便宜的	价格:【0,2000】
306	39d3074e9fe5435891e026edceaa487e-15	陈述句	比较大的	主屏尺寸:【5,2147483647】
307	39d3074e9fe5435891e026edceaa487e-17	陈述句	比较高的	后置摄像头像素:【495,2147483647】
308	3abe36c109d14c89998e20443c19c437-1	正反问	有没有像素高一点的手机	后置摄像头像素:【800,2147483647】
309	3abe36c109d14c89998e20443c19c437-3	陈述句	前置摄像头像素越高越好	前置摄像头像素:【495,2147483647】
310	3abe36c109d14c89998e20443c19c437-5	陈述句	品牌无所谓	品牌:【无所谓】
311	3abe36c109d14c89998e20443c19c437-7	陈述句	价钱都可以	价格:【都可以】
312	3abe36c109d14c89998e20443c19c437-11	特指问	这款摄像头像素多大	后置摄像头像素:
313	3abe36c109d14c89998e20443c19c437-13	是非问	这款有美颜功能吗	拍摄特色:【美颜】
314	3ef99efa42384f3199d85012d1ce7b6e-3	陈述句	我想要三星手机	品牌:【三星】
315	3ef99efa42384f3199d85012d1ce7b6e-5	陈述句	5000左右的都行	价格:【4000,6000】
316	3ef99efa42384f3199d85012d1ce7b6e-9	陈述句	这个没要求	后置摄像头像素:【没要求】
317	3ef99efa42384f3199d85012d1ce7b6e-13	特指问	这部多少钱啊	价格:
318	3ef99efa42384f3199d85012d1ce7b6e-15	是非问	是双核的吗	CPU核数:【2,2】
319	3ef99efa42384f3199d85012d1ce7b6e-17	特指问	那么是多少核的	CPU核数:
320	3ef99efa42384f3199d85012d1ce7b6e-23	陈述句	我要买三星N9106那部	品牌:【三星】;型号:【N9106】
321	3ef99efa42384f3199d85012d1ce7b6e-25	陈述句	我要买三星N910W	品牌:【三星】;型号:【N910W】
322	3ef99efa42384f3199d85012d1ce7b6e-27	陈述句	我要买三星N9106W那部	品牌:【三星】;型号:【N9106W】
323	3feb3ded6abd413abb6853fa4fedb6a5-3	陈述句	2000元左右吧	价格:【1600,2400】
324	3feb3ded6abd413abb6853fa4fedb6a5-5	特指问	这款手机屏幕多大	主屏尺寸:
325	3feb3ded6abd413abb6853fa4fedb6a5-7	特指问	后置摄像头像素是多少	后置摄像头像素:
326	3feb3ded6abd413abb6853fa4fedb6a5-9	陈述句	后置	后置摄像头像素:
327	40482419f2b24251833fc095490cbcdf-1	是非问	美颜相机有吗	拍摄特色:【美颜】
328	40482419f2b24251833fc095490cbcdf-7	陈述句	大屏幕可以自拍的	主屏尺寸:【5,2147483647】
329	40482419f2b24251833fc095490cbcdf-9	陈述句	高要求	后置摄像头像素:【495,2147483647】
330	407c1f1decdf4f2b9710bdb283f9c415-3	陈述句	我要4000元左右的	价格:【3200,4800】
331	407c1f1decdf4f2b9710bdb283f9c415-7	陈述句	所有钱	价格:
332	407c1f1decdf4f2b9710bdb283f9c415-11	特指问	多少寸	主屏尺寸:
333	407c1f1decdf4f2b9710bdb283f9c415-15	陈述句	后置摄像头	RAM容量:【3686,4505】
334	42cbebef061b4b9ebac8a16877abf566-1	陈述句	想给家里老人买部手机	使用对象:【老人】
335	42cbebef061b4b9ebac8a16877abf566-3	陈述句	就那种适合老年人用的	使用对象:【老人】
336	42cbebef061b4b9ebac8a16877abf566-5	正反问	嗯嗯，那字体超大的有没有	主屏尺寸:【5,2147483647】
337	42cbebef061b4b9ebac8a16877abf566-7	陈述句	华为的吧	品牌:【华为】
338	42cbebef061b4b9ebac8a16877abf566-9	陈述句	便宜点就好，不要超过1500吧	价格:【0,1500】
339	42cbebef061b4b9ebac8a16877abf566-13	特指问	扩展容量多少呢	最大拓展容量:
340	42cbebef061b4b9ebac8a16877abf566-15	陈述句	不用后置摄像头啦	后置摄像头像素:【无所谓】
341	434e837399334945abcce86b648272d9-3	是非问	有人气高一点的手机吗	平均月销量:【高】
342	434e837399334945abcce86b648272d9-5	正反问	有没有比较热门的手机	人气：【高】
343	434e837399334945abcce86b648272d9-7	陈述句	推荐一下3000元左右的手机	价格:【2400,3600】
344	434e837399334945abcce86b648272d9-13	陈述句	质保时间要一年左右	质保时间:
345	46ce69df4ef746049df8c8db062dafe6-1	选择问	努比亚X6好还是华为G7-TL00好？	品牌:【努比亚】【华为】;型号:【X6】【G7-TL00】
346	46ce69df4ef746049df8c8db062dafe6-3	特指问	努力亚X6内存多少	品牌:【努比亚】型号:【X6】;RAM容量:
347	46ce69df4ef746049df8c8db062dafe6-5	特指问	GT-LT00呢	型号:【GT-LT00】;RAM容量:
348	46ce69df4ef746049df8c8db062dafe6-7	特指问	华为GT-LT00内存多少？	品牌:【华为】;型号:【GT-LT00】;RAM容量:
349	46ce69df4ef746049df8c8db062dafe6-9	是非问	只有努比亚X6吗	品牌:【努比亚】;型号:【X6】
350	46ce69df4ef746049df8c8db062dafe6-13	陈述句	38000	价格:【36100,39900】
351	46ce69df4ef746049df8c8db062dafe6-15	特指问	CPU频率多少	CPU频率:
352	46ce69df4ef746049df8c8db062dafe6-17	特指问	电池容量多少	电池容量:
353	46ce69df4ef746049df8c8db062dafe6-19	特指问	保修多久	保修时间:
354	46ce69df4ef746049df8c8db062dafe6-21	陈述句	理论待机时间	理论待机时间:【401,2147483647】
355	46ce69df4ef746049df8c8db062dafe6-27	陈述句	我要买努力亚X6	品牌:【努比亚】型号:【X6】
356	48d14315a8034a1abaf0011c2880add0-3	陈述句	我要4G网络的手机	网络制式:【4g】
357	48d14315a8034a1abaf0011c2880add0-5	陈述句	网络	网络制式:【4g】
358	48d14315a8034a1abaf0011c2880add0-7	陈述句	支持4G网络	网络制式:【4g】
359	48d14315a8034a1abaf0011c2880add0-9	陈述句	A8-F1	型号:【A8-F1】
360	48d14315a8034a1abaf0011c2880add0-11	是非问	支持4G网络吗	网络制式:【4g】
361	48d14315a8034a1abaf0011c2880add0-13	陈述句	我想用买一台4G手机	网络制式:【4g】
362	491864429122480aaf966f07112e8fa4-1	陈述句	我要买4000元以上的手机	价格:【4000,2147483647】
363	491864429122480aaf966f07112e8fa4-5	陈述句	5	主屏尺寸:【4.75,5.25】
364	491864429122480aaf966f07112e8fa4-9	陈述句	星钻黑	颜色:【黑】
365	491864429122480aaf966f07112e8fa4-11	特指问	内存多少	RAM容量:
366	491864429122480aaf966f07112e8fa4-15	陈述句	电池容量	电池容量:
367	491864429122480aaf966f07112e8fa4-19	陈述句	前置摄像头像素	前置摄像头像素:
368	491864429122480aaf966f07112e8fa4-21	陈述句	后置摄像头像素	后置摄像头像素: 
369	4987e706370645ac85bab897256d2dcb-1	陈述句	我非常喜欢小米	品牌:【小米】
370	4987e706370645ac85bab897256d2dcb-3	陈述句	都可以 别太贵	价格:【660.25,2925.3】
371	4987e706370645ac85bab897256d2dcb-5	特指问	什么型号	型号:
372	4987e706370645ac85bab897256d2dcb-7	陈述句	那我要s	型号:【s】
373	4987e706370645ac85bab897256d2dcb-9	陈述句	1199	价格:【1139.05,1258.95】
374	4987e706370645ac85bab897256d2dcb-11	特指问	那1s多少钱	型号:【1s】;价格:
375	4d4182a3170c4d66ba6b914d16f728ce-1	正反问	有没有那些适合自拍的手机	拍摄特色:【自拍】
376	4d4182a3170c4d66ba6b914d16f728ce-3	陈述句	就是 有前置摄像头的	前置摄像头像素:
377	4d4182a3170c4d66ba6b914d16f728ce-9	陈述句	越大越好吧	主屏尺寸:【大】
378	4d4182a3170c4d66ba6b914d16f728ce-11	陈述句	越大越好啦	后置摄像头像素:【大】
379	4d4182a3170c4d66ba6b914d16f728ce-13	是非问	就是那个 有美颜功能吗？	拍摄特色:【美颜】
380	4e3fed39d0604dcdbeef3dd9e95cae30-1	正反问	有没有便宜点的手机	价格:【0,2315.25】
381	4e3fed39d0604dcdbeef3dd9e95cae30-5	陈述句	4寸	主屏尺寸:【3.8,4.2】
382	4e3fed39d0604dcdbeef3dd9e95cae30-7	陈述句	那就4.7寸吧	主屏尺寸:【4.465,4.935】
383	4e3fed39d0604dcdbeef3dd9e95cae30-9	陈述句	这个多少都行	后置摄像头像素:【都行】
384	4e3fed39d0604dcdbeef3dd9e95cae30-11	特指问	这个多少钱呢	价格:
385	4e5ffafe838d410e9efc549f4390e182-3	是非问	国产的吧，小辣椒的有吗	品牌:【小辣椒】
386	4e5ffafe838d410e9efc549f4390e182-5	特指问	嗯，小辣椒的有什么推荐	品牌:【小辣椒】
387	4e5ffafe838d410e9efc549f4390e182-7	特指问	这款的价格是多少	价格:
388	4e5ffafe838d410e9efc549f4390e182-13	正反问	还有没价格更高的	价格:【599,2147483647】
389	4fdd9033f6a2432aa3b468b4a53eba52-5	陈述句	5寸吧	主屏尺寸:【4.75，5.25】
390	4fdd9033f6a2432aa3b468b4a53eba52-7	陈述句	500万	后置摄像头像素:【475,525】
391	4fdd9033f6a2432aa3b468b4a53eba52-9	陈述句	1300万	后置摄像头像素:【1235,1365】
392	4ff6d90d5ac34e09a566a1a9973d8898-1	正反问	有没有价格4000以上的手机	价格:【4000,2147483647】
393	4ff6d90d5ac34e09a566a1a9973d8898-3	是非问	有更贵的吗	价格:【2000,2147483647】
394	4ff6d90d5ac34e09a566a1a9973d8898-5	陈述句	那还是5188的吧	价格:【4928.6,5447.4】
395	4ff6d90d5ac34e09a566a1a9973d8898-7	陈述句	品牌都可以，好用就行	品牌:【】
396	4ff6d90d5ac34e09a566a1a9973d8898-9	特指问	这款三星怎么样	品牌:【三星】
397	4ff6d90d5ac34e09a566a1a9973d8898-11	特指问	三星Galaxy S6怎么样	品牌:【三星】;型号:【Galaxy】【S6】;优点:;缺点:
398	4ff6d90d5ac34e09a566a1a9973d8898-13	特指问	5188元是哪款手机	价格:【4928.6,5447.4】
399	4ff6d90d5ac34e09a566a1a9973d8898-15	特指问	它的配置怎么样	手机部件:
400	4ff6d90d5ac34e09a566a1a9973d8898-21	特指问	是什么颜色的	颜色:
401	4ff6d90d5ac34e09a566a1a9973d8898-23	是非问	黑钻黑色的有吗	颜色:【黑】
402	5087be0eccbb4f3f8f7a696c704a9886-1	陈述句	我要买贵的苹果手机	价格:【2000,2147483647】;品牌:【苹果】
403	5087be0eccbb4f3f8f7a696c704a9886-3	特指问	多大都行	主屏尺寸:
404	5087be0eccbb4f3f8f7a696c704a9886-5	是非问	iphone6有吗	品牌:【苹果】;主屏尺寸:【5.7,6.3】
405	5087be0eccbb4f3f8f7a696c704a9886-7	特指问	没有iphone手机嘛	品牌:【苹果】
406	5087be0eccbb4f3f8f7a696c704a9886-9	陈述句	都可以啊	后置摄像头像素:【0,2147483647】
407	50f8db3a1c54453ea13bc7aa4fe06164-1	陈述句	我想买小辣椒LA3	品牌:【小辣椒】;型号:【LA3】
408	50f8db3a1c54453ea13bc7aa4fe06164-5	特指问	主屏多大	主屏尺寸:
409	50f8db3a1c54453ea13bc7aa4fe06164-7	是非问	是4核手机吗	CPU核数:【4,4】
410	50f8db3a1c54453ea13bc7aa4fe06164-11	特指问	主屏分辨率是多少	主屏分辨率:
411	51c8f0d225da43e9b5786241c2e85ea7-1	特指问	努比亚x6怎样	品牌:【努比亚】;型号:【X6】;优点:;缺点:
412	51c8f0d225da43e9b5786241c2e85ea7-3	特指问	华为g7-tl00怎样	品牌:【华为】;型号:【g7-tl00】;优点:;缺点:
413	51c8f0d225da43e9b5786241c2e85ea7-5	特指问	华为g7-tl00配置怎样	品牌:【华为】;型号:【g7-tl00】;手机部件:
414	51c8f0d225da43e9b5786241c2e85ea7-7	选择问	华为G7-TL00与努比亚x6哪个好	品牌:【华为】【努比亚】;型号:【G7-TL00】【x6】
415	51c8f0d225da43e9b5786241c2e85ea7-9	选择问	努比亚x6与华为G7-TL00哪个好	品牌:【努比亚】【华为】;型号:【x6】【G7-TL00】
416	51c8f0d225da43e9b5786241c2e85ea7-15	特指问	华为G7-TL00与努比亚x6哪个好	品牌:【华为】【努比亚】;型号:【G7-TL00】【x6】
417	52af4dc76be7406a9e21702f718a24ad-1	正反问	你这里有没有小米手机卖	品牌:【小米】
418	52af4dc76be7406a9e21702f718a24ad-3	陈述句	2000以下的吧	主屏尺寸:【0,2000】
419	52af4dc76be7406a9e21702f718a24ad-5	陈述句	2000元以下的	价格:【0,2000】
420	52af4dc76be7406a9e21702f718a24ad-9	特指问	这部具体多少钱	价格:
421	52dae47c1e1743db8f3927aae7d7e81a-1	陈述句	我想要配置高的手机	手机部件: 【高】
422	52dae47c1e1743db8f3927aae7d7e81a-3	陈述句	配置	手机部件: 【高】
423	52dae47c1e1743db8f3927aae7d7e81a-5	陈述句	CPU核数高的	CPU核数:【高】
424	52dae47c1e1743db8f3927aae7d7e81a-9	特指问	多少钱呢	价格:
425	52dae47c1e1743db8f3927aae7d7e81a-11	是非问	适合打游戏吗	产品特点:【手游】
426	565718dbefd74b3f853037852998840c-1	特指问	苹果手机怎样	品牌:【苹果】;优点:;缺点:
427	565718dbefd74b3f853037852998840c-3	陈述句	7000元以内吧	价格:【0,7000】
428	565718dbefd74b3f853037852998840c-5	陈述句	4.7寸	主屏尺寸:【4.465,4.935】
429	565718dbefd74b3f853037852998840c-7	陈述句	随便吧	后置摄像头像素:【0,2147483647】
430	565718dbefd74b3f853037852998840c-9	特指问	这个具体多少钱	价格:
431	565718dbefd74b3f853037852998840c-11	是非问	可以降价的吗？	优惠:【降价】
432	565718dbefd74b3f853037852998840c-13	正反问	有没有像素更高点的	后置摄像头像素:【800,2147483647】;前置摄像头像素:【800,2147483647】
433	5812260cbad3405b8cce4141c53cf2a2-1	陈述句	我要价格4000元以下的手机	价格:【0,4000】
434	5812260cbad3405b8cce4141c53cf2a2-3	陈述句	任何品牌都可以	品牌:【都可以】
435	5812260cbad3405b8cce4141c53cf2a2-7	陈述句	主屏尺寸要4.5寸以上	主屏尺寸:【4.5,2147483647】
436	5812260cbad3405b8cce4141c53cf2a2-9	特指问	有什么推荐呢	候选手机:【推荐】
437	5812260cbad3405b8cce4141c53cf2a2-11	陈述句	我要最近人气比较高的手机	人气:【高】
438	592f9925bdab438eb8d562da37203928-1	陈述句	要那些支持4G网络的	网络制式:【4G】
439	592f9925bdab438eb8d562da37203928-3	陈述句	我说的网络制式	网络制式:【4G】
440	592f9925bdab438eb8d562da37203928-5	陈述句	华为 没说的	品牌:【华为】
441	592f9925bdab438eb8d562da37203928-7	陈述句	3000以下 必须的	价格:【0,3000】
442	592f9925bdab438eb8d562da37203928-9	陈述句	6寸不解释	主屏尺寸:【5.7,6.3】
443	595d7fed608841628de089ef37f5cd12-1	陈述句	我要前置摄像头像素比较高的手机	后置摄像头像素:【495,2147483647】
444	595d7fed608841628de089ef37f5cd12-7	特指问	它的前置摄像头像素是多少？	前置摄像头像素
445	595d7fed608841628de089ef37f5cd12-9	正反问	有没有一些前置摄像像素更高的手机？	前置摄像头像素:【 >800】
446	595d7fed608841628de089ef37f5cd12-13	正反问	这款手机有没有美颜功能?	产品特点：【美颜】
447	596694792c4543758fa7c0fc8093773d-5	陈述句	5000元以下	价格:【0,5000】
448	596694792c4543758fa7c0fc8093773d-15	特指问	前置摄像头像素是多少	前置摄像头像素
449	596694792c4543758fa7c0fc8093773d-17	是非问	支持WIFI吗？	WIFI热点:
450	596694792c4543758fa7c0fc8093773d-19	特指问	重力感应呢？	感应器类型:【重力】
451	596694792c4543758fa7c0fc8093773d-21	是非问	支持重力感应吗？	感应器类型:【重力】
452	596694792c4543758fa7c0fc8093773d-23	正反问	有没有赠品呢？	赠品:
453	5f837e36e5aa482c88043139a48e7a53-1	陈述句	我想买便宜一点的手机	价格:【0,2000】
454	5f837e36e5aa482c88043139a48e7a53-7	陈述句	500万左右	后置摄像头像素:【400,600】
455	5f837e36e5aa482c88043139a48e7a53-11	是非问	可以保修吗	保修政策:【保修】
456	63cc5fb85aec47c19d9532e7d3b0ff47-1	陈述句	我要一款价格比较便宜的手机	价格:【0,2000】
457	63cc5fb85aec47c19d9532e7d3b0ff47-3	陈述句	品牌方面没有要求	品牌:
458	63cc5fb85aec47c19d9532e7d3b0ff47-5	陈述句	5寸以上	主屏尺寸:【5,2147483647】
459	63cc5fb85aec47c19d9532e7d3b0ff47-7	陈述句	对后置摄像头像素没有要求	后置摄像头像素: 随便
460	63cc5fb85aec47c19d9532e7d3b0ff47-9	陈述句	主屏分辨率	主屏分辨率
461	63cc5fb85aec47c19d9532e7d3b0ff47-11	陈述句	500万像素	后置摄像头像素:【475,525】
462	63cc5fb85aec47c19d9532e7d3b0ff47-13	正反问	有没有一些主屏尺寸更大的手机	主屏尺寸: 【5,2147483647】
463	63cc5fb85aec47c19d9532e7d3b0ff47-15	陈述句	那好吧，我要就三星I9118了	品牌:【三星】;型号:【I9118】
464	641148b45e2e462c886e55654d909fcf-1	正反问	有没有4G的手机	网络制式:【4G】
465	641148b45e2e462c886e55654d909fcf-3	陈述句	我是说网络4G的	网络制式:【4G】
466	641148b45e2e462c886e55654d909fcf-5	陈述句	想买一部4G网络的手机	网络制式:【4G】
467	641148b45e2e462c886e55654d909fcf-7	正反问	有没有上网速度快一点的手机	网络制式: 【4G】
468	641148b45e2e462c886e55654d909fcf-9	是非问	4G网络的手机没有吗	网络制式:【4G】
469	641148b45e2e462c886e55654d909fcf-11	陈述句	网络制式	网络制式:【4G】
470	641148b45e2e462c886e55654d909fcf-13	特指问	那是多少	网络制式:【4G】
471	641148b45e2e462c886e55654d909fcf-15	特指问	哪款手机上网快一点	网络制式: 4G
472	641148b45e2e462c886e55654d909fcf-17	特指问	这款手机网络是多少G的	网络制式: 
473	641148b45e2e462c886e55654d909fcf-19	是非问	这款手机速度快吗	CPU频率:【1.2,2147483647】
474	6499613db9bd4eaaa6be8fc5a6083548-1	陈述句	我要买苹果手机	品牌:【苹果】
475	6499613db9bd4eaaa6be8fc5a6083548-3	陈述句	4000以下的	价格:【0,4000】
476	6499613db9bd4eaaa6be8fc5a6083548-5	陈述句	我想要黑色的	颜色:【黑】
477	6499613db9bd4eaaa6be8fc5a6083548-11	陈述句	都不是	品牌：其他 除苹果
478	6499613db9bd4eaaa6be8fc5a6083548-13	特指问	哪款？	当前手机:【哪款】
479	6499613db9bd4eaaa6be8fc5a6083548-15	陈述句	没有要求	主屏尺寸:【 随便】
480	6499613db9bd4eaaa6be8fc5a6083548-17	陈述句	4寸左右吧	主屏尺寸:【3.2,4.8】
481	6499613db9bd4eaaa6be8fc5a6083548-19	特指问	有哪些像素可以选择呢	后置摄像头像素:
482	657d5f1754e047b5bbe983c1b6143818-1	特指问	有什么价格比较低的手机呢？	价格:【0,2000】
483	657d5f1754e047b5bbe983c1b6143818-3	陈述句	诺基亚	品牌:【诺基亚】
484	657d5f1754e047b5bbe983c1b6143818-5	陈述句	4.0寸	主屏尺寸:【3.8,4.2】
485	657d5f1754e047b5bbe983c1b6143818-7	特指问	它的价格是多少？	价格:
486	657d5f1754e047b5bbe983c1b6143818-9	特指问	它的电池容量是多少呢？	电池容量:
487	657d5f1754e047b5bbe983c1b6143818-11	正反问	有没有更加便宜的手机呢？	价格:【0,2000】
488	657d5f1754e047b5bbe983c1b6143818-13	是非问	这款最便宜了吗？	价格:【379.05,418.95】
489	66c01ee6e2184b7db73b8cbeffb974d4-1	特指问	有什么高端手机介绍	手机部件:【高】
490	66c01ee6e2184b7db73b8cbeffb974d4-3	陈述句	人气	人气：高
491	66c01ee6e2184b7db73b8cbeffb974d4-9	陈述句	5000以下	价格:【0,5000】
492	66c01ee6e2184b7db73b8cbeffb974d4-11	陈述句	6	主屏尺寸:【5.7,6.3】
493	66c01ee6e2184b7db73b8cbeffb974d4-15	特指问	配置是怎样	手机部件:
494	66c01ee6e2184b7db73b8cbeffb974d4-17	陈述句	其他配置	手机部件:：【其他】
495	695beabacac542e3a261b4edbfc448fd-1	是非问	屏幕大的手机有吗	主屏尺寸:【5,2147483647】
496	695beabacac542e3a261b4edbfc448fd-7	陈述句	2000左右	价格:【1600,2400】
497	695beabacac542e3a261b4edbfc448fd-9	陈述句	屏幕尺寸呢	主屏尺寸: 
498	7010a4036c9642cfb6f4a5e7ae9c9de0-1	特指问	你这里有什么牌子的手机卖	品牌:
499	7010a4036c9642cfb6f4a5e7ae9c9de0-3	是非问	有摄像头像素比较高的吗	后置摄像头像素:【495,2147483647】
500	7010a4036c9642cfb6f4a5e7ae9c9de0-5	是非问	还有更高的吗	后置摄像头像素:【>800万】
501	7010a4036c9642cfb6f4a5e7ae9c9de0-7	正反问	有没有像素比较高的手机	后置摄像头像素:【495,2147483647】
502	7010a4036c9642cfb6f4a5e7ae9c9de0-13	陈述句	有点贵了	价格:【0,3182】
503	7010a4036c9642cfb6f4a5e7ae9c9de0-17	正反问	有没有便宜一点的	价格:【0,3128】
504	7010a4036c9642cfb6f4a5e7ae9c9de0-19	是非问	是三星的吗	品牌:【三星】
505	7010a4036c9642cfb6f4a5e7ae9c9de0-21	陈述句	安卓	操作系统:【安卓】
506	7010a4036c9642cfb6f4a5e7ae9c9de0-23	陈述句	Android	操作系统:【Android】
507	7010a4036c9642cfb6f4a5e7ae9c9de0-27	特指问	屏幕呢	主屏尺寸:
508	7010a4036c9642cfb6f4a5e7ae9c9de0-29	特指问	摄像头像素多高	后置摄像头像素:
509	733f5cccd4284b659645b7c372898223-1	陈述句	我要买小米手机	品牌:【小米】
510	733f5cccd4284b659645b7c372898223-3	特指问	最贵的是多少钱？	价格:【2646.7,2925.3】
511	733f5cccd4284b659645b7c372898223-5	特指问	这款手机是多少钱？	价格:
512	733f5cccd4284b659645b7c372898223-9	特指问	它的RAM容量是多少	RAM容量:
513	733f5cccd4284b659645b7c372898223-11	特指问	它的后置摄像头像素是多少？	后置摄像头像素
514	733f5cccd4284b659645b7c372898223-17	陈述句	我就要这款小米了	品牌:【小米】
515	73f1172413d34ebe92f3cd1a1083af23-1	特指问	有什么最新上市的手机推荐吗？	上市日期:【2015】
516	73f1172413d34ebe92f3cd1a1083af23-3	特指问	这款手机的销量怎样？	平均月销量:
517	73f1172413d34ebe92f3cd1a1083af23-7	正反问	有没有价格更低一点的呢	价格:【0,399】
518	73f1172413d34ebe92f3cd1a1083af23-9	特指问	最贵的手机多少钱？	价格:【20710,22890】
519	73f1172413d34ebe92f3cd1a1083af23-11	特指问	型号是什么	型号:
520	73f1172413d34ebe92f3cd1a1083af23-15	选择问	好贵啊	价格:【0,21800】
521	73f1172413d34ebe92f3cd1a1083af23-17	特指问	这款手机是什么型号？	型号:
522	73f1172413d34ebe92f3cd1a1083af23-19	是非问	支持WIFi吗？	WIFI热点:
523	73f1172413d34ebe92f3cd1a1083af23-21	特指问	多少钱呢？	价格:
524	73f1172413d34ebe92f3cd1a1083af23-23	正反问	有没有其他类似的手机	主屏尺寸:【其他】
525	757c753af16d47c68e4c754125c37701-1	特指问	有什么手机价钱比较高的	价格:【2000,2147483647】
526	757c753af16d47c68e4c754125c37701-7	陈述句	很高	后置摄像头像素:【495,2147483647】
527	757c753af16d47c68e4c754125c37701-11	陈述句	太便宜了	价格:【 > 3094元】
528	757c753af16d47c68e4c754125c37701-15	陈述句	要贵一点的	价格:【1799,2147483647】
529	757c753af16d47c68e4c754125c37701-23	正反问	有没有4000以上的	价格:【4000,2147483647】
530	757c753af16d47c68e4c754125c37701-25	特指问	什么类型	手机类型:
531	757c753af16d47c68e4c754125c37701-29	特指问	什么手机类型	手机类型:
532	757c753af16d47c68e4c754125c37701-31	特指问	什么牌子	品牌:
533	757c753af16d47c68e4c754125c37701-35	特指问	什么手机型号	型号:
534	757c753af16d47c68e4c754125c37701-45	陈述句	价钱	价格:【4000,2147483647】
535	75917f7bb6b04239bb8791238952a288-11	是非问	质量好吗	手机质量:【好】
536	76923c83120a4be5bab58b00222531d2-1	陈述句	想买一部小米手机	品牌:【小米】
537	76923c83120a4be5bab58b00222531d2-3	陈述句	想要黑色的	颜色:【黑】
538	76923c83120a4be5bab58b00222531d2-5	特指问	ram多少	RAM容量
539	76923c83120a4be5bab58b00222531d2-7	陈述句	像素1200万以上的	后置摄像头像素:【1200,2147483647】
540	76923c83120a4be5bab58b00222531d2-9	陈述句	那就800万的吧	后置摄像头像素： 800万
541	76923c83120a4be5bab58b00222531d2-13	特指问	小米红米2的RAM容量多大	品牌:【小米】;型号:【红米】【2】;RAM容量: 
542	76923c83120a4be5bab58b00222531d2-15	特指问	小米红米2的内存多大	品牌:【小米】;型号:【红米】【2】;RAM容量: 
543	784c8ce3ce1749678d8e959307fc59df-1	陈述句	我要三星手机	品牌:【三星】
544	784c8ce3ce1749678d8e959307fc59df-3	陈述句	价格便宜的	价格:【0,2000】
545	784c8ce3ce1749678d8e959307fc59df-5	陈述句	大屏幕	主屏尺寸:【5,2147483647】
546	784c8ce3ce1749678d8e959307fc59df-7	陈述句	要黑色的	颜色:【黑】
547	784c8ce3ce1749678d8e959307fc59df-9	陈述句	无要求	后置摄像头像素：随便
548	7a23af2496474178abab3c3c1f579f0f-1	陈述句	我想买小米手机	品牌:【小米】
549	7a23af2496474178abab3c3c1f579f0f-3	陈述句	2500元左右	价格:【2000,3000】
550	7a23af2496474178abab3c3c1f579f0f-9	特指问	RAM多少	RAM容量:
551	7a23af2496474178abab3c3c1f579f0f-11	特指问	ROM呢	ROM容量:
552	7c230a720d3c4aba8c9f79eeaa06180b-5	陈述句	2000以下	价格:【0,2000】
553	7c230a720d3c4aba8c9f79eeaa06180b-7	陈述句	4寸以上	主屏尺寸:【4,2147483647】
554	7c230a720d3c4aba8c9f79eeaa06180b-11	正反问	这款有没有白色的	颜色:【白】
555	7d2961909c464e73baee4a6374275104-1	陈述句	我要买小米的手机	品牌：小米
556	7d2961909c464e73baee4a6374275104-3	陈述句	我要小米手机	品牌：小米
557	7d2961909c464e73baee4a6374275104-7	陈述句	5.0寸	主屏尺寸:【4.75,5.25】
558	7d2961909c464e73baee4a6374275104-9	陈述句	800万像素以上	后置摄像头像素:【> 800万】
559	7d2961909c464e73baee4a6374275104-11	正反问	这款手机外观好不好看？	外观设计:【好】
560	7d2961909c464e73baee4a6374275104-13	特指问	这款手机外观设计怎样？	外观设计:
561	7d2961909c464e73baee4a6374275104-15	特指问	这款手机ROM容量是多少？	ROM容量:
562	7d2aaf0281b94965a86587b8fe81fb16-1	陈述句	前置摄像头像素高的手机	前置摄像头像素:【495,2147483647】
563	7d2aaf0281b94965a86587b8fe81fb16-5	陈述句	摄像头好的手机	前置摄像头像素:【495,2147483647】
564	7d2aaf0281b94965a86587b8fe81fb16-11	特指问	前置摄像头像素多少	前置摄像头像素:
565	7d2aaf0281b94965a86587b8fe81fb16-13	特指问	后置摄像头像素呢	后置摄像头像素:
566	7f03328a97d54a7cb0379350162900ca-1	陈述句	我想看下努比亚x6	品牌:【努比亚】;型号:【x6】
567	7f03328a97d54a7cb0379350162900ca-7	特指问	摄像头像素是多少	后置摄像头像素:
568	7f03328a97d54a7cb0379350162900ca-9	陈述句	再看看华为G7-TL00	品牌:【华为】;型号:【G7-TL00】
569	7f03328a97d54a7cb0379350162900ca-15	特指问	待机时间多长	理论待机时间:
570	7f03328a97d54a7cb0379350162900ca-17	陈述句	华为GT-TL00	品牌:【华为】;型号:【GT-TL00】
571	7f03328a97d54a7cb0379350162900ca-19	陈述句	华为G7-TL00	品牌:【华为】;型号:【G7-TL00】
572	7f03328a97d54a7cb0379350162900ca-21	特指问	主屏分辨率多少	主屏分辨率:
573	7fcfe21cd3f3471ca43a2bd9b44475dc-1	陈述句	我很喜欢玩手机游戏	产品特点:【手游】
574	7fcfe21cd3f3471ca43a2bd9b44475dc-5	陈述句	没要求，只要配置高	品牌：随便；手机部件：高
575	7fcfe21cd3f3471ca43a2bd9b44475dc-9	陈述句	苹果吧	品牌:【苹果】
576	7fcfe21cd3f3471ca43a2bd9b44475dc-11	陈述句	多少钱都行	价格：随便
577	7fcfe21cd3f3471ca43a2bd9b44475dc-13	陈述句	我预算8000	价格：8000
578	7fcfe21cd3f3471ca43a2bd9b44475dc-15	特指问	配置多少？	手机部件:
579	7fcfe21cd3f3471ca43a2bd9b44475dc-17	特指问	后置摄像头像素多少？	后置摄像头像素
580	7fcfe21cd3f3471ca43a2bd9b44475dc-21	特指问	保修多少？	保修时间:
581	7fcfe21cd3f3471ca43a2bd9b44475dc-23	特指问	保修多长？	保修时间:
582	7fcfe21cd3f3471ca43a2bd9b44475dc-25	特指问	待机时间	理论待机时间:
583	7fcfe21cd3f3471ca43a2bd9b44475dc-27	是非问	有高配置的手机吗	手机部件：【高】
584	7fcfe21cd3f3471ca43a2bd9b44475dc-31	特指问	什么颜色的？	颜色:
585	7fcfe21cd3f3471ca43a2bd9b44475dc-33	陈述句	我要金色的那款	颜色:【金】
586	7fcfe21cd3f3471ca43a2bd9b44475dc-35	陈述句	我买金色的那款	颜色:【金】
587	7fcfe21cd3f3471ca43a2bd9b44475dc-37	特指问	内存多少？	RAM容量:
588	83ae8e2845c4440e92932d14097ec9ec-1	陈述句	我想要3000元一下的手机，谢谢~	价格:【0,3000】
589	83ae8e2845c4440e92932d14097ec9ec-3	陈述句	我对品牌没有要求的	品牌:随便
590	83ae8e2845c4440e92932d14097ec9ec-5	陈述句	比ipone6 plus小一点吧	屏幕尺寸：【比Iphone 6p 小】
591	83ae8e2845c4440e92932d14097ec9ec-7	陈述句	那RAM容量是4G的呢？	RAM容量:【4G 】
592	83ae8e2845c4440e92932d14097ec9ec-13	陈述句	我希望有GPS功能的	导航：GPS 
593	83ae8e2845c4440e92932d14097ec9ec-15	陈述句	手掌大小可以了	屏幕尺寸：手掌大小
594	83ae8e2845c4440e92932d14097ec9ec-17	陈述句	之前那个吗？　我说得是RAM容量	RAM容量:
595	83ae8e2845c4440e92932d14097ec9ec-19	陈述句	这样啊，那你说说操作系统是 ＩＯＳ　的手机吧	操作系统:【IOS】
596	83ae8e2845c4440e92932d14097ec9ec-21	是非问	IOS没有吗	操作系统:【IOS】
597	83ae8e2845c4440e92932d14097ec9ec-23	是非问	IPONE都没有啊？	品牌:【苹果】;操作系统:【IOS】
598	83ae8e2845c4440e92932d14097ec9ec-25	是非问	这样吧 我想要这样的一台手机：1、价格小于3000元的，RAM内存为4G的，带有GPS功能的，操作系统是IOS的，请问有吗？	价格:【0,3000】;操作系统:【IOS】 ;RAM容量: 4G;主屏尺寸:【0.95,1.05】;基本功能: GPS
599	848b3c85194745b5acb148c241a23e23-3	特指问	前置摄像头像素高一点的手机有哪些	前置摄像头像素:【200,2147483647】
600	848b3c85194745b5acb148c241a23e23-7	陈述句	前置摄像头高、具有美颜功能的手机	前置摄像头像素:【495,2147483647】;手机特色: 美颜
601	848b3c85194745b5acb148c241a23e23-17	陈述句	3000元左右吧	价格:【2400,3600】
602	848b3c85194745b5acb148c241a23e23-19	是非问	请问这款手机支持WiFi热点吗？	WIFI热点:【支持】
603	86a418adf7bb4365894df5827497a4da-1	正反问	你这里有没有小米手机	品牌:【小米】
604	86a418adf7bb4365894df5827497a4da-3	正反问	有没有摄像头像素比较高的型号	后置摄像头像素:【495,2147483647】;型号:
605	86a418adf7bb4365894df5827497a4da-5	正反问	有没有摄像头像素比较大的	后置摄像头像素:【495,2147483647】;
606	86a418adf7bb4365894df5827497a4da-9	特指问	前置摄像头像素怎么样	前置摄像头像素:
607	878be44066e642218e59cca73988861c-1	陈述句	我要买便宜一点的手机	价格:【0,2000】
608	878be44066e642218e59cca73988861c-3	陈述句	联想	品牌:【联想】
609	878be44066e642218e59cca73988861c-5	陈述句	4寸左右	主屏尺寸:【3.2,4.8】
610	878be44066e642218e59cca73988861c-11	特指问	像素呢	后置摄像头像素:
611	878be44066e642218e59cca73988861c-13	特指问	屏幕大小呢	主屏尺寸: 
612	8a0b78c0e58440ed88495b188a6e1b33-3	特指问	嗯，有什么自拍神器推荐吗？	产品特点：自拍
613	8a0b78c0e58440ed88495b188a6e1b33-5	特指问	有什么前置镜头像素高的相机吗？	前置摄像头像素:【495,2147483647】
614	8a0b78c0e58440ed88495b188a6e1b33-13	是非问	有自带美颜功能的吗？	拍摄特色：美颜
615	8aaf6f6e7cfd443bbebf0d0867dc1e52-1	陈述句	我想买苹果手机	品牌:【苹果】
616	8aaf6f6e7cfd443bbebf0d0867dc1e52-3	陈述句	5000元左右	价格:【4000,6000】
617	8aaf6f6e7cfd443bbebf0d0867dc1e52-5	陈述句	4.7寸左右	主屏尺寸:【3.76,5.64】
618	8aaf6f6e7cfd443bbebf0d0867dc1e52-7	陈述句	800万左右	后置摄像头像素:【640,960】
619	8aaf6f6e7cfd443bbebf0d0867dc1e52-13	是非问	有赠品吗	赠品:
620	8cad4551380b488d9405cce791acd039-1	陈述句	我要一款4000元以上的手机	价格:【4000,2147483647】
621	8cad4551380b488d9405cce791acd039-3	陈述句	中兴	品牌:【中兴】
622	8cad4551380b488d9405cce791acd039-5	陈述句	HTC吧	品牌:【HTC】
623	8cad4551380b488d9405cce791acd039-9	正反问	有没有一些更贵的手机	价格:【4399,2147483647】
624	8cad4551380b488d9405cce791acd039-11	特指问	这款手机型号是多少？	型号:
625	8cad4551380b488d9405cce791acd039-13	陈述句	我一定要4000元以上的手机	价格:【4000,2147483647】
626	8cad4551380b488d9405cce791acd039-15	陈述句	没有一款比HTCM9w价格更贵的手机	价格: 【>price(HTCM9w)】
627	8d8217563cfc42c8a99a7c86d74915a8-1	陈述句	我想买800万像素的手机	后置摄像头像素:【760,840】
628	8d8217563cfc42c8a99a7c86d74915a8-7	特指问	后置摄像头呢	后置摄像头像素:
629	8d8217563cfc42c8a99a7c86d74915a8-9	特指问	CPU是多少核的	CPU核数
630	8e6b8f7899364d319cd1259589e8862e-3	正反问	你这里有没有苹果手机卖	品牌:【苹果】
631	8e6b8f7899364d319cd1259589e8862e-5	陈述句	我想要iphone6	品牌:【苹果】;型号:【iphone】【6】
632	8e6b8f7899364d319cd1259589e8862e-11	陈述句	我想要的是苹果牌子的手机	品牌:【苹果】
633	8e9fe03ae8cd47b2b5a555191f0a6739-1	正反问	有没有4000以上的手机	价格： 【> 4000】
634	8e9fe03ae8cd47b2b5a555191f0a6739-9	正反问	有没有价格4000以上的手机？	价格:【4000,2147483647】
635	8e9fe03ae8cd47b2b5a555191f0a6739-15	陈述句	越高越好咯	后置摄像头像素:【495,2147483647】
636	921f5db7304646e28c08a1f4695c3823-3	特指问	有什么三星的手机推荐吗	品牌:【三星】
637	921f5db7304646e28c08a1f4695c3823-5	是非问	价格有在2000左右的吗	价格:【1600,2400】
638	921f5db7304646e28c08a1f4695c3823-7	特指问	是哪一款呢	候选手机:【推荐】
639	921f5db7304646e28c08a1f4695c3823-9	是非问	三星2000块的手机有吗	品牌:【三星】;价格:【1900,2100】
640	921f5db7304646e28c08a1f4695c3823-15	特指问	CPU核数是多少的	CPU核数:
641	921f5db7304646e28c08a1f4695c3823-17	特指问	刚刚说的那台手机CPU核数是多少呢	CPU核数:
642	92744315b9d14f3cbaa553b3b1148a96-3	是非问	可以介绍一些努比亚X6吗	品牌:【努比亚】;型号:【X6】
643	92744315b9d14f3cbaa553b3b1148a96-5	特指问	具体参数？	手机部件:
644	92744315b9d14f3cbaa553b3b1148a96-9	是非问	那你再介绍下 华为G7 -TL00好吗	品牌:【华为】;型号:【G7】【-TL00】;指令:【介绍】
645	92744315b9d14f3cbaa553b3b1148a96-11	特指问	那刚刚那个努比亚的 用户评价怎么样	品牌:【努比亚】;优点:;缺点:
646	92744315b9d14f3cbaa553b3b1148a96-13	陈述句	9000吧	价格:【8550,9450】
647	92744315b9d14f3cbaa553b3b1148a96-15	陈述句	2300吧	价格:【2185,2415】
648	92744315b9d14f3cbaa553b3b1148a96-17	陈述句	2000吧	价格:【1900,2100】
649	92744315b9d14f3cbaa553b3b1148a96-19	陈述句	2100真的	价格:【1995,2205】
650	92744315b9d14f3cbaa553b3b1148a96-21	陈述句	2300	价格:【2185,2415】
651	92744315b9d14f3cbaa553b3b1148a96-23	特指问	究竟多少可以	价格:【1600,2400】
652	92744315b9d14f3cbaa553b3b1148a96-25	陈述句	1499吧	价格:1499
653	9342378098b34c59b3a2d47765fabf9d-3	陈述句	贵的	价格:【2000,2147483647】
654	9342378098b34c59b3a2d47765fabf9d-7	特指问	有什么优点	优点:
655	9342378098b34c59b3a2d47765fabf9d-11	特指问	什么CPU类型	CPU频率: ;CPU型号:
656	9342378098b34c59b3a2d47765fabf9d-17	特指问	什么重量	手机重量:
657	9342378098b34c59b3a2d47765fabf9d-19	特指问	多重	手机重量:
658	9342378098b34c59b3a2d47765fabf9d-21	特指问	销量怎么样	销售量:
659	9342378098b34c59b3a2d47765fabf9d-23	是非问	比诺基亚好吗	品牌:【诺基亚】
660	9389684379a54a1a9e4a1d6488d71bf7-1	特指问	你觉得小辣椒LA3手机怎样	品牌:【小辣椒】;型号:【LA3】;优点:;缺点:
661	9389684379a54a1a9e4a1d6488d71bf7-3	是非问	这款手机受欢迎吗？	人气:【高】
662	9389684379a54a1a9e4a1d6488d71bf7-5	正反问	会不会畅销？	人气:【高】
663	9389684379a54a1a9e4a1d6488d71bf7-7	是非问	买这款手机的人多吗？	人气:【高】
664	9389684379a54a1a9e4a1d6488d71bf7-9	特指问	这款手机是什么操作系统的？	操作系统:
665	9389684379a54a1a9e4a1d6488d71bf7-11	是非问	用户体验好吗？》	优点:;缺点:
666	9389684379a54a1a9e4a1d6488d71bf7-15	特指问	理论通话时间是多长	理论通话时间
667	9389684379a54a1a9e4a1d6488d71bf7-17	特指问	小辣椒LA3的理论通话时间是多长	品牌:【小辣椒】;型号:【LA3】;理论通话时间:【401,2147483647】
668	942d69ffe8284a62945e4ddce08cf79c-3	陈述句	价格方面没有要求	价格：随便
669	942d69ffe8284a62945e4ddce08cf79c-11	特指问	这款手机ROM容量是多少	ROM容量:
670	942d69ffe8284a62945e4ddce08cf79c-13	特指问	它的ROM容量是多少？	ROM容量:
671	942d69ffe8284a62945e4ddce08cf79c-17	是非问	这款手机有GPS导航吗	GPS导航:
672	942d69ffe8284a62945e4ddce08cf79c-19	是非问	它有GPS吗？	GPS导航:
673	948d4f96966c4b5c9c25f99c79e89802-3	陈述句	2000以上	价格:【2000,2147483647】
674	948d4f96966c4b5c9c25f99c79e89802-5	陈述句	4寸以下	主屏尺寸:【0,4】
675	948d4f96966c4b5c9c25f99c79e89802-7	陈述句	5寸以上吧	主屏尺寸:【5,2147483647】
676	948d4f96966c4b5c9c25f99c79e89802-9	陈述句	1000万以上	后置摄像头像素:【1000,2147483647】
677	948d4f96966c4b5c9c25f99c79e89802-11	正反问	有没有红色的	颜色:【红】
678	948d4f96966c4b5c9c25f99c79e89802-13	正反问	白色的呢	颜色:【白】
679	948d4f96966c4b5c9c25f99c79e89802-15	特指问	那这款手机有哪些颜色	颜色:
680	9509331ab5c2460395ce961c270a3567-1	正反问	有没有像素好一点的手机	后置摄像头像素：【200,2147483647】
681	9509331ab5c2460395ce961c270a3567-3	陈述句	品牌都可以，像素高一点就行	品牌：随便；后置摄像头像素：【200,2147483647】
682	9509331ab5c2460395ce961c270a3567-5	陈述句	想要买一部像素1300万以上的手机	后置摄像头像素:【1300,2147483647】
683	9509331ab5c2460395ce961c270a3567-13	特指问	这款手机ROM容量多大	ROM容量:
684	953dc805eeaf4703ba2ffb2dc627d5f0-1	特指问	最近，有那些比较热卖的的手机？	上市日期:【2015】;平均月销量:【高】
685	953dc805eeaf4703ba2ffb2dc627d5f0-5	陈述句	价格4000以下	价格:【0,4000】
686	953dc805eeaf4703ba2ffb2dc627d5f0-9	陈述句	那么苹果吧	品牌:【苹果】
687	953dc805eeaf4703ba2ffb2dc627d5f0-11	陈述句	中兴吧	品牌:【中兴】
688	953dc805eeaf4703ba2ffb2dc627d5f0-15	陈述句	待机时间要达到一天以上	理论待机时间: 一天以上
689	953dc805eeaf4703ba2ffb2dc627d5f0-17	陈述句	4.5寸以上	主屏尺寸:【4.5,2147483647】
690	953dc805eeaf4703ba2ffb2dc627d5f0-19	陈述句	800以上	主屏尺寸:【800,2147483647】
691	953dc805eeaf4703ba2ffb2dc627d5f0-21	陈述句	5.5寸	主屏尺寸:【5.225,5.775】
692	953dc805eeaf4703ba2ffb2dc627d5f0-23	特指问	它的待机时间多长？	待机时间
693	953dc805eeaf4703ba2ffb2dc627d5f0-25	特指问	它的续航能力如何	电池续航:
694	953dc805eeaf4703ba2ffb2dc627d5f0-27	特指问	那么有什么优惠呢	优惠:
695	953dc805eeaf4703ba2ffb2dc627d5f0-29	正反问	有没有什么优惠	优惠:
696	953dc805eeaf4703ba2ffb2dc627d5f0-31	陈述句	那么换一款吧	候选手机：其他
697	953dc805eeaf4703ba2ffb2dc627d5f0-33	陈述句	看一下小辣椒吧	品牌：小辣椒
698	953dc805eeaf4703ba2ffb2dc627d5f0-35	特指问	这款手机的价格是多少？	价格:
699	953dc805eeaf4703ba2ffb2dc627d5f0-37	特指问	它的性能如何	性能得分:
700	962302cb536b4f45ae680b3cc230977b-3	陈述句	我想买小米	品牌:【小米】
701	962302cb536b4f45ae680b3cc230977b-5	陈述句	2500左右	价格:【2000,3000】
702	962302cb536b4f45ae680b3cc230977b-9	特指问	前置呢	前置摄像头像素:
703	9688a7b3cb9c45fdaf7dd98fb73ca684-1	正反问	有没有三星手机	品牌:【三星】
704	9688a7b3cb9c45fdaf7dd98fb73ca684-3	陈述句	价钱不是问题，CPU核数哟4核以上的	价格:【随便】 ;CPU核数:【>4】
705	9688a7b3cb9c45fdaf7dd98fb73ca684-5	是非问	4.3的有吗	屏幕尺寸: 4.3
706	9688a7b3cb9c45fdaf7dd98fb73ca684-7	陈述句	那就4寸的	主屏尺寸:【3.8,4.2】
707	9688a7b3cb9c45fdaf7dd98fb73ca684-9	特指问	这款手机的电池容量多大	电池容量:
708	97354bd65a604cf5b8cf45f53bae607f-1	正反问	有没有一台手机，便宜又实惠	价格:【0,2000】
709	97354bd65a604cf5b8cf45f53bae607f-5	陈述句	2	主屏尺寸:【2】
710	97354bd65a604cf5b8cf45f53bae607f-7	是非问	能介绍一下配置吗？	手机部件
711	97354bd65a604cf5b8cf45f53bae607f-13	陈述句	拍照清晰	手机特色：拍照清晰
712	97354bd65a604cf5b8cf45f53bae607f-15	特指问	屏幕分辨率多少？	主屏分辨率:
713	99cd632428c14b178790e6a79f793472-3	陈述句	我要买高配置手机	手机部件：高
714	99cd632428c14b178790e6a79f793472-11	特指问	它的RAM内存是多少	RAM容量:
715	99cd632428c14b178790e6a79f793472-13	特指问	它的CPU型号是什么	CPU型号
716	99cd632428c14b178790e6a79f793472-15	正反问	那它能不能保修	保修政策:
717	99cd632428c14b178790e6a79f793472-17	正反问	它的电池容量大不大	电池容量: ;
718	9d0e0b15a53a4c8c810c6009226a05b6-3	陈述句	3000元左右的	价格:【2400,3600】
719	9d0e0b15a53a4c8c810c6009226a05b6-5	特指问	这部手机的主频是多少呢	CPU频率:
720	9d0e0b15a53a4c8c810c6009226a05b6-9	是非问	能问一下这部手机的最大支持扩展容量是多少	最大拓展内存
721	9e6cc8186c7349b1830cdfa39909a9af-3	陈述句	三星的吧	品牌:【三星】
722	9e6cc8186c7349b1830cdfa39909a9af-11	陈述句	就刚才三星那一部吧	品牌:【三星】
723	9eae7a8536394d359ba8f22704145b6b-1	陈述句	我要玩游戏的手机	产品特点：【手游】
724	9eae7a8536394d359ba8f22704145b6b-5	陈述句	贵一点	价格:【2000,2147483647】
725	9eae7a8536394d359ba8f22704145b6b-7	陈述句	大一点	主屏尺寸:【5,2147483647】
726	9eae7a8536394d359ba8f22704145b6b-13	是非问	可以顺畅的玩游戏吗	产品特点：【手游】
727	9ef9463e57dd4e9699115166ef20d125-7	陈述句	前置呢	前置摄像头像素:
728	9f2263fb55ec4d919ecd708234a16eb8-7	陈述句	4.5寸以下	主屏尺寸:【0,4.5】
729	9f2263fb55ec4d919ecd708234a16eb8-9	陈述句	800万左右吧	后置摄像头像素:【640,960】
730	9f2263fb55ec4d919ecd708234a16eb8-11	特指问	它的前置摄像头像素是多少	后置摄像头像素:
731	9f2263fb55ec4d919ecd708234a16eb8-13	陈述句	我要适合自拍的手机	拍摄特色：自拍
732	9f2263fb55ec4d919ecd708234a16eb8-17	陈述句	前置摄像头像素高的	前置摄像头像素:【495,2147483647】
733	9f2263fb55ec4d919ecd708234a16eb8-19	是非问	你能介绍一下他的像素吗	前置摄像头像素:
734	a3cdd01eb13a4e569b7843e90d37bcb6-5	特指问	什么操作系统的	操作系统:
735	a3cdd01eb13a4e569b7843e90d37bcb6-7	正反问	有没有白色的	颜色:【白】
736	a3cdd01eb13a4e569b7843e90d37bcb6-9	特指问	那有哪些颜色	颜色:
737	a60fdee2b51d45c48e7d342462b8b4f3-1	正反问	你这里有没有小辣椒的手机卖呀	品牌:【小辣椒】
738	a60fdee2b51d45c48e7d342462b8b4f3-3	特指问	我想知道有什么型号的	型号:
739	a60fdee2b51d45c48e7d342462b8b4f3-5	特指问	LA3的怎么样	型号:【LA3】
740	a60fdee2b51d45c48e7d342462b8b4f3-7	特指问	LA3的屏幕多大呢	型号:【LA3】;主屏尺寸:
741	a60fdee2b51d45c48e7d342462b8b4f3-9	特指问	前置摄像头像素呢	前置摄像头像素: 
742	a60fdee2b51d45c48e7d342462b8b4f3-15	陈述句	1500元	价格:【1425,1575】
743	a60fdee2b51d45c48e7d342462b8b4f3-17	陈述句	那1200元呢	价格:【1140,1260】
744	a60fdee2b51d45c48e7d342462b8b4f3-19	陈述句	1140元呢	价格:【1083,1197】
745	a60fdee2b51d45c48e7d342462b8b4f3-21	陈述句	400元呢	价格:【380,420】
746	a60fdee2b51d45c48e7d342462b8b4f3-23	特指问	这部屏幕多大	主屏尺寸:
747	a60fdee2b51d45c48e7d342462b8b4f3-27	是非问	是安卓系统的吗	操作系统:【安卓】
748	a60fdee2b51d45c48e7d342462b8b4f3-29	特指问	那么是什么操作系统的	操作系统:
749	a6aa9b5ee2e647b0b9c701545fee50be-3	陈述句	这个没什么要求	品牌：随便
750	a6aa9b5ee2e647b0b9c701545fee50be-7	陈述句	1500以下的	价格:【0,1500】
751	a6aa9b5ee2e647b0b9c701545fee50be-9	陈述句	5寸以上的	主屏尺寸:【5,2147483647】
752	a6aa9b5ee2e647b0b9c701545fee50be-13	正反问	有没有其他的推荐	候选手机:【其他】
753	a6aa9b5ee2e647b0b9c701545fee50be-15	正反问	有没有其他符合要求的手机	候选手机:【其他】
754	a6aa9b5ee2e647b0b9c701545fee50be-17	陈述句	800万以下的	后置摄像头像素:【0,800】
755	a6aa9b5ee2e647b0b9c701545fee50be-19	特指问	它的具体价格是多少	价格:
756	a6aa9b5ee2e647b0b9c701545fee50be-21	正反问	有没有贵一点的手机	价格:【699,2147483647】
757	a6aa9b5ee2e647b0b9c701545fee50be-23	特指问	1000万像素以上的手机有哪些	后置摄像头像素:【1000,2147483647】
758	a6aa9b5ee2e647b0b9c701545fee50be-25	特指问	这部手机销量如何	平均月销量:
759	a6aa9b5ee2e647b0b9c701545fee50be-27	是非问	能换个品牌吗	品牌：其他
760	a6aa9b5ee2e647b0b9c701545fee50be-29	正反问	华为行不行	品牌:【华为】
761	a6aa9b5ee2e647b0b9c701545fee50be-31	特指问	华为5寸以上的手机有哪些	品牌:【华为】;主屏尺寸:【5,2147483647】
762	a6aa9b5ee2e647b0b9c701545fee50be-35	正反问	有没有1500元以下的	价格:【0,1500】
763	a6aa9b5ee2e647b0b9c701545fee50be-37	特指问	什么品牌	品牌:
764	a6aa9b5ee2e647b0b9c701545fee50be-41	陈述句	太贵了	价格:【 < 1999】
765	a6aa9b5ee2e647b0b9c701545fee50be-45	正反问	便宜点的有没有	价格:【0,2299】
766	a6aa9b5ee2e647b0b9c701545fee50be-47	特指问	联想5寸以上的手机有哪些	品牌:【联想】;主屏尺寸:【5,2147483647】
767	a85f30b98bd04df3ae387f99b7e9690d-1	正反问	有没有屏幕大而且比较便宜的手机	主屏尺寸:【5,2147483647】;价格:【0,2000】
768	a85f30b98bd04df3ae387f99b7e9690d-3	正反问	有没有屏幕比较大的手机	主屏尺寸:【5,2147483647】
769	a85f30b98bd04df3ae387f99b7e9690d-7	陈述句	小米的	品牌:【小米】
770	a85f30b98bd04df3ae387f99b7e9690d-9	陈述句	200万以上	后置摄像头像素:【200,2147483647】
771	a85f30b98bd04df3ae387f99b7e9690d-13	特指问	有什么颜色的吗	颜色:
772	a85f30b98bd04df3ae387f99b7e9690d-15	正反问	有没有黑色的	颜色:【黑】
773	a8ffde2d01674cba9763e4ff5de13d3b-1	是非问	小米手机有吗	品牌:【小米】
774	a8ffde2d01674cba9763e4ff5de13d3b-3	特指问	小米手机屏幕最大是多少	品牌:【小米】;主屏尺寸:【最大】
775	a8ffde2d01674cba9763e4ff5de13d3b-5	特指问	这款型号是什么	型号:
776	a8ffde2d01674cba9763e4ff5de13d3b-7	是非问	有小米4吗	主屏尺寸:【小】【3.8,4.2】
777	a8ffde2d01674cba9763e4ff5de13d3b-9	陈述句	5.7寸的吧	主屏尺寸:【5.415,5.985】
778	a8ffde2d01674cba9763e4ff5de13d3b-17	陈述句	5寸屏幕的	主屏尺寸:【4.75,5.25】
779	a8ffde2d01674cba9763e4ff5de13d3b-25	特指问	这款电池多大	电池大小:
780	a8ffde2d01674cba9763e4ff5de13d3b-27	特指问	质保呢	保修时间:
781	ad763ccf56b249ac81081f655c99cef4-1	正反问	有没有小辣椒手机	品牌:【小辣椒】
782	ad763ccf56b249ac81081f655c99cef4-3	特指问	有什么型号	型号:
783	ad763ccf56b249ac81081f655c99cef4-5	特指问	小辣椒la3怎么样	品牌:【小辣椒】;型号:【la3】
784	ad763ccf56b249ac81081f655c99cef4-11	陈述句	我想要la3	型号:【la3】
785	ae5ecffad8324e9c85eba569a07266bc-9	特指问	什么型号的	型号:
786	ae5ecffad8324e9c85eba569a07266bc-11	选择问	要三星Galaxy S6 Edge	品牌:【三星】;型号:【Galaxy】【S6】【Edge】
787	ae5ecffad8324e9c85eba569a07266bc-13	陈述句	三星Galaxy S6 edge	品牌:【三星】;型号:【Galaxy】【S6】【edge】
788	ae5ecffad8324e9c85eba569a07266bc-15	陈述句	要三星	品牌:【三星】
789	ae5ecffad8324e9c85eba569a07266bc-21	陈述句	我要星钻黑那款	颜色:【黑】
790	b00aa6573ee24c4dba5b3879fd1fb1df-5	陈述句	1500以上	价格:【1500,2147483647】
791	b00aa6573ee24c4dba5b3879fd1fb1df-13	特指问	那屏幕多大？	主屏尺寸:
792	b00aa6573ee24c4dba5b3879fd1fb1df-15	特指问	屏幕分辨率高吗？	主屏分辨率: 高
793	b12a58dee5ca4cc98f3a65ace2752e8f-5	陈述句	2786	价格:【2646.7,2925.3】
794	b12a58dee5ca4cc98f3a65ace2752e8f-13	陈述句	蓝牙传输	蓝牙传输:
795	b12a58dee5ca4cc98f3a65ace2752e8f-15	陈述句	GPS导航	GPS导航:
796	b12a58dee5ca4cc98f3a65ace2752e8f-17	陈述句	电池类型	电池类型:
797	b12a58dee5ca4cc98f3a65ace2752e8f-19	陈述句	质保时间	保修时间:
798	b12a58dee5ca4cc98f3a65ace2752e8f-21	陈述句	赠品	赠品:
799	b13ab7995108492c996ee97f4c98e400-1	陈述句	我想买一部三星手机	品牌:【三星】
800	b13ab7995108492c996ee97f4c98e400-3	正反问	你这里有没有N9106W型号的	型号:【N9106W】
801	b13ab7995108492c996ee97f4c98e400-9	陈述句	大概5寸就行	主屏尺寸:【4,6】
802	b13ab7995108492c996ee97f4c98e400-11	陈述句	至少800万吧	后置摄像头像素:【800,2147483647】
803	b246615de3844bd5ba722840548d44df-5	陈述句	2400左右	价格:【1920,2880】
804	b246615de3844bd5ba722840548d44df-11	特指问	前置摄像头是多少	前置摄像头像素:
805	b2d36ef7c54c473f90e77507972e65b8-1	特指问	有什么1500以下的手机介绍	价格:【0,1500】
806	b2d36ef7c54c473f90e77507972e65b8-5	特指问	有什么品牌推荐	品牌
807	b2d36ef7c54c473f90e77507972e65b8-7	陈述句	优思	手机品牌：优思
808	b2d36ef7c54c473f90e77507972e65b8-11	陈述句	1500元以下的	价格:【0,1500】
809	b2d36ef7c54c473f90e77507972e65b8-13	陈述句	4.3英寸	主屏尺寸:【4.085,4.515】
810	b2e2888fa13a46eaa837afdbaaecf1b4-1	陈述句	想要部便宜手机	价格:【0,2000】
811	b2e2888fa13a46eaa837afdbaaecf1b4-5	特指问	有什么优势？	优点:
812	b2e2888fa13a46eaa837afdbaaecf1b4-9	特指问	这款手机价格如何？	价格：
813	b2e2888fa13a46eaa837afdbaaecf1b4-11	陈述句	还是有点贵	价格:【2000,2147483647】
814	b2e2888fa13a46eaa837afdbaaecf1b4-17	陈述句	怎么越来越贵了	价格:【2000,2147483647】
815	b2e2888fa13a46eaa837afdbaaecf1b4-19	正反问	真的 能不能便宜点啊	价格:【0,2000】
816	b2e2888fa13a46eaa837afdbaaecf1b4-21	陈述句	便宜的	价格:【0,2000】
817	b2e2888fa13a46eaa837afdbaaecf1b4-23	特指问	这个多少钱？	价格：
818	b2e2888fa13a46eaa837afdbaaecf1b4-25	正反问	有没有1000以下的	价格:【0,1000】
819	b2e2888fa13a46eaa837afdbaaecf1b4-27	陈述句	再低一点的？	价格:【0,999】
820	b2e2888fa13a46eaa837afdbaaecf1b4-29	正反问	900一下的有没有	价格:【0,900】
821	b2e2888fa13a46eaa837afdbaaecf1b4-31	陈述句	800以下	价格:【0,800】
822	b2e2888fa13a46eaa837afdbaaecf1b4-33	陈述句	899啥别说了，	价格:【0,899】
823	b326cf69c40e45149c3411fe40a6e706-1	正反问	有没有老人机 推荐？	使用对象:【老人】
824	b326cf69c40e45149c3411fe40a6e706-3	是非问	大屏？	主屏尺寸:【5,2147483647】
825	b326cf69c40e45149c3411fe40a6e706-7	陈述句	我想要5.0以上	主屏尺寸:【5,2147483647
826	b326cf69c40e45149c3411fe40a6e706-11	正反问	有没有主屏尺寸5.0以上的	主屏尺寸:【5.0,2147483647】
827	b326cf69c40e45149c3411fe40a6e706-17	陈述句	主屏尺寸5.0以上就好	主屏尺寸:【5,2147483647】
828	b326cf69c40e45149c3411fe40a6e706-21	正反问	有没有5.0以上的手机 推荐	主屏尺寸:【5,2147483647】
829	b3438fa98890497cb174aebfc9ae809c-3	陈述句	性能得高的手机	性能得分:【高】
830	b3438fa98890497cb174aebfc9ae809c-7	陈述句	7000元以上	价格:【7000,2147483647】
831	b3438fa98890497cb174aebfc9ae809c-9	特指问	多少像素	后置摄像头像素: ;前置摄像头像素: ;主屏分辨率:
832	b3438fa98890497cb174aebfc9ae809c-13	陈述句	就是价格有点贵	价格:【0,7000】
833	b445e5ee03f8425e99faece9ce50e102-3	特指问	哪个品牌手机比较便宜	价格:【0,2000】;品牌:
834	b445e5ee03f8425e99faece9ce50e102-9	陈述句	200	主屏尺寸:【190,210】
835	b445e5ee03f8425e99faece9ce50e102-11	陈述句	8寸	主屏尺寸:【3.2,4.8】
836	b445e5ee03f8425e99faece9ce50e102-15	特指问	那它屏幕多大	主屏尺寸:
837	b445e5ee03f8425e99faece9ce50e102-17	陈述句	CPU核数嗯	CPU核数
838	b445e5ee03f8425e99faece9ce50e102-19	陈述句	摄像头像素呢	后置摄像头像素:
839	b6369315489b4d6da0a748f4972934b6-3	正反问	你这里有没有小米的手机	品牌:【小米】
840	b6369315489b4d6da0a748f4972934b6-5	特指问	有什么型号的	型号:
841	b6369315489b4d6da0a748f4972934b6-7	特指问	红米1s多少钱	型号:【红米】;型号:【1s】;价格:
842	b6369315489b4d6da0a748f4972934b6-9	特指问	小米红米1s多少钱	品牌:【小米】;型号:【红米】【1s】;价格:
843	b6369315489b4d6da0a748f4972934b6-11	特指问	那么小米红米Note多少钱	品牌:【小米】;型号:【红米】【Note】;价格:
844	b6369315489b4d6da0a748f4972934b6-13	是非问	有2000元左右的吗	价格:【1600,2400】
845	b6369315489b4d6da0a748f4972934b6-15	特指问	是什么型号的	型号:
846	b6369315489b4d6da0a748f4972934b6-17	特指问	小米4屏幕有多大	屏幕尺寸: ;品牌:【小米】型号:【4】
847	b6369315489b4d6da0a748f4972934b6-19	是非问	是Android系统吗	操作系统:【Android】
848	bcc381e276ae4ba89cad84d44dbda46e-1	正反问	有没有便宜一点的手机	价格:【0,2000】
849	bcc381e276ae4ba89cad84d44dbda46e-3	特指问	那有什么品牌介绍	品牌:
850	bcc381e276ae4ba89cad84d44dbda46e-9	陈述句	5.0英寸吧	主屏尺寸:【4.75,5.25】
851	be40049e78ec49438eb6b596e84f58d6-7	陈述句	我很喜欢玩游戏，所以想要一台配置高的手机	产品特点:【手游】;手机部件:【高】
852	be40049e78ec49438eb6b596e84f58d6-9	陈述句	手机配置	手机部件
853	be40049e78ec49438eb6b596e84f58d6-11	陈述句	我想买一台配置高的手机	手机部件:【高】
854	be40049e78ec49438eb6b596e84f58d6-13	陈述句	4000以下	价格:【0,4000】
855	be40049e78ec49438eb6b596e84f58d6-15	陈述句	5寸左右吧	主屏尺寸:【4,6】
856	be9ce35b0a2c470783f9ad09274c8156-1	选择问	我不知道买努比亚X6还是买华为G7-TL00	品牌:【努比亚】【华为】;型号:【X6】【G7-TL00】
857	be9ce35b0a2c470783f9ad09274c8156-3	选择问	是努比亚好还是华为好	品牌:【努比亚】【华为】
858	be9ce35b0a2c470783f9ad09274c8156-5	选择问	努比亚比较好，还是华为比较好？	品牌:【努比亚】【华为】
859	be9ce35b0a2c470783f9ad09274c8156-7	陈述句	介绍一下努比亚X6	品牌:【努比亚】;型号:【X6】;指令:【介绍】
860	be9ce35b0a2c470783f9ad09274c8156-11	特指问	什么内存	RAM容量:
861	be9ce35b0a2c470783f9ad09274c8156-13	特指问	什么借钱	价格:
862	be9ce35b0a2c470783f9ad09274c8156-15	特指问	什么CPU	CPU频率: ;CPU型号:
863	be9ce35b0a2c470783f9ad09274c8156-25	陈述句	介绍一下华为G7-TL00	品牌:【华为】;型号:【G7-TL00】
864	be9ce35b0a2c470783f9ad09274c8156-27	特指问	什么价钱	价格:
865	be9ce35b0a2c470783f9ad09274c8156-29	特指问	有什么优惠吗	优惠:
866	be9ce35b0a2c470783f9ad09274c8156-31	特指问	什么分辨率	主屏分辨率:
867	be9ce35b0a2c470783f9ad09274c8156-35	是非问	有保修吗	保修政策:【保修】
868	bf84beb8e16f4d5a8308c7f578ce4aa3-3	正反问	有没有2500元左右的手机	价格:【2000,3000】
869	bf84beb8e16f4d5a8308c7f578ce4aa3-11	是非问	是4G的吗	网络制式:【4G】
870	bf84beb8e16f4d5a8308c7f578ce4aa3-15	是非问	操作系统是安卓的吗	操作系统:【安卓】
871	bf84beb8e16f4d5a8308c7f578ce4aa3-19	陈述句	我想要4G的手机	RAM容量:【3686,4505】;最大拓展容量:【3686,4505】;ROM容量:【3,4】;型号:【4G】;网络制式:【4G】
872	bf84beb8e16f4d5a8308c7f578ce4aa3-21	陈述句	4G网络	网络制式:【4G】
873	bf84beb8e16f4d5a8308c7f578ce4aa3-23	特指问	是什么操作系统	操作系统:
874	bf89f3ba53e0406c8f1f1af314f5de54-1	特指问	小米有什么手机	品牌:【小米】
875	bf89f3ba53e0406c8f1f1af314f5de54-7	陈述句	那就小米4	品牌：【小米】；型号：【4】
876	c04b302a2f2240cebecd2748286635ec-1	陈述句	我想要一部1300像素的手机	后置摄像头像素:【1300】
877	c04b302a2f2240cebecd2748286635ec-9	陈述句	4寸到5寸	主屏尺寸:【4，5】
878	c04b302a2f2240cebecd2748286635ec-11	陈述句	我要5寸的	主屏尺寸:【4.75,5.25】
879	c27422b9b8ad44c290b227e624dcd88b-11	陈述句	小于5寸的	主屏尺寸:【0,5】
880	c32230208e7b4a9f854e579a440264e9-3	陈述句	我要苹果手机	品牌:【苹果】
881	c399eeac825a46f5b52023f8897e624e-1	陈述句	我想买一台手机，性价比高的	性价比得分:【47.210300429184549356223175966,2147483647】
882	c399eeac825a46f5b52023f8897e624e-5	陈述句	1900	价格:【1805,1995】
883	c399eeac825a46f5b52023f8897e624e-7	陈述句	我想要价格高一点的	价格:【2000,2147483647】
884	c399eeac825a46f5b52023f8897e624e-9	陈述句	469	价格:【445.55,492.45】
885	c51bde3c884c4416afdc9f0a302dbb50-7	陈述句	500元左右	价格:【400,600】
886	c51bde3c884c4416afdc9f0a302dbb50-13	陈述句	游戏手机	产品特点：【游戏】
887	c51bde3c884c4416afdc9f0a302dbb50-15	特指问	有哪些品牌	品牌:
888	c51bde3c884c4416afdc9f0a302dbb50-17	特指问	夏朗有什么型号的	型号:
889	c51bde3c884c4416afdc9f0a302dbb50-19	特指问	NX5多少钱	型号:【NX5】;价格:
890	c51bde3c884c4416afdc9f0a302dbb50-21	正反问	有没有更便宜点的	价格:【0,2000】
891	c51bde3c884c4416afdc9f0a302dbb50-27	特指问	三星9082C多少钱？	品牌:【三星】;型号:【9082C】;价格:
892	c51bde3c884c4416afdc9f0a302dbb50-33	特指问	请问这款手机的屏幕多大	主屏尺寸:
893	c6ddb3dc2c9f45d39b64e8119776e00d-5	特指问	潜质呢	前置摄像头像素:
894	c6ddb3dc2c9f45d39b64e8119776e00d-23	选择问	努比亚X6和华为G7-TL00哪款好？	品牌:【努比亚】【华为】;型号:【X6】【G7-TL00】
895	cb61309853224335902a9f6ecddd18d9-5	陈述句	5寸主屏	主屏尺寸:【4.75,5.25】
896	cb61309853224335902a9f6ecddd18d9-11	特指问	有什么品牌	品牌:
897	cb61309853224335902a9f6ecddd18d9-17	陈述句	1000万左右	后置摄像头像素:【800,1200】
898	cb61309853224335902a9f6ecddd18d9-19	特指问	像素是多少	后置摄像头像素:
899	cb61309853224335902a9f6ecddd18d9-21	特指问	这款手机的型号是什么	型号:
900	cb61309853224335902a9f6ecddd18d9-23	是非问	还有其他吗	候选手机:【其他】
901	cd79585b42754ea7a5242ed00bb9f382-1	正反问	有没有价钱便宜一点的手机	价格:【0,2000】
902	cd79585b42754ea7a5242ed00bb9f382-3	特指问	289元是哪款手机	价格:【274.55,303.45】
903	cd79585b42754ea7a5242ed00bb9f382-7	陈述句	价钱便宜点就行	价格:【0,274】
904	cd79585b42754ea7a5242ed00bb9f382-13	陈述句	那就诺基亚的吧	品牌:【诺基亚】
905	cd79585b42754ea7a5242ed00bb9f382-15	陈述句	无所谓，价钱低就好	价格:【0,2000】
906	cd79585b42754ea7a5242ed00bb9f382-23	是非问	没更便宜的吗	价格:【0,2000】
907	ce4259d294e146a1b2025eb347f86def-3	是非问	你这里有苹果的移动合约机吗	品牌:【苹果】;产品特点:【移动合约机】
908	ce4259d294e146a1b2025eb347f86def-5	是非问	没有4G的吗	网络制式:【4G】
909	ce4259d294e146a1b2025eb347f86def-9	是非问	那么三星的有移动4G吗	品牌:【三星】;网络制式:【移动4G】
910	ce4259d294e146a1b2025eb347f86def-13	是非问	你这里有三星的移动合约机吗	品牌:【三星】;产品特点:【移动合约机】
911	ce4259d294e146a1b2025eb347f86def-15	陈述句	我要联通4G的	网络制式:【联通】;网络制式:【4G】
912	ce4259d294e146a1b2025eb347f86def-19	特指问	是什么网络制式的	网络制式:
913	ce4259d294e146a1b2025eb347f86def-25	特指问	三星的还有什么其他型号比较好	品牌:【三星】;型号:【其他】
914	ce4259d294e146a1b2025eb347f86def-29	特指问	有什么网络制式	网络制式:
915	ce4259d294e146a1b2025eb347f86def-35	陈述句	不过我还是想要三星Galaxy Note 3 N9008S	品牌:【三星】;型号:【Galaxy】【Note】【3】【N9008S】
916	ce4259d294e146a1b2025eb347f86def-37	陈述句	我想要三星Galaxy Note 3	品牌:【三星】;型号:【Galaxy】【Note】【3】
917	ce4259d294e146a1b2025eb347f86def-39	特指问	那三星有什么型号	品牌:【三星】;型号:
918	ce4259d294e146a1b2025eb347f86def-43	特指问	三星有什么型号	品牌:【三星】;型号:
919	cfcf380a03d248b681de08268ad31e6d-1	陈述句	我要买小米	品牌:【小米】
920	cfcf380a03d248b681de08268ad31e6d-3	陈述句	1000左右	价格:【800,1200】
921	cfcf380a03d248b681de08268ad31e6d-13	陈述句	950	价格:【902.5,997.5】
922	cfcf380a03d248b681de08268ad31e6d-15	陈述句	900左右	价格:【720,1080】
923	d1f98bf5e0564922a418fc38eaad4efd-5	陈述句	便宜一点的	价格:【0,2000】
924	d1f98bf5e0564922a418fc38eaad4efd-13	陈述句	OK	价格:【1994.05,8177.4】
925	d1f98bf5e0564922a418fc38eaad4efd-15	陈述句	5寸以下	主屏尺寸:【0,5】
926	d1f98bf5e0564922a418fc38eaad4efd-19	陈述句	ROM	ROM容量:
927	d1f98bf5e0564922a418fc38eaad4efd-23	陈述句	800万像素	后置摄像头像素:【760,840】
928	d1f98bf5e0564922a418fc38eaad4efd-25	陈述句	ok	后置摄像头像素:【0,2147483647】
929	d56460de512f4aff81b6132ff0a5ae0f-3	陈述句	我要最热门的	人气：【最热门】
930	d56460de512f4aff81b6132ff0a5ae0f-9	陈述句	我要屏幕大	主屏尺寸:【5,2147483647】
931	d5d22d763cd144cdb0dad0a51e817ce5-1	陈述句	想买一部高像素的手机	后置摄像头像素:【495,2147483647】;前置摄像头像素:【495,2147483647】
932	d5d22d763cd144cdb0dad0a51e817ce5-7	陈述句	有美颜功能的	拍摄特色:【美颜】
933	d5d22d763cd144cdb0dad0a51e817ce5-9	特指问	有什么品牌介绍	品牌:
934	d5d22d763cd144cdb0dad0a51e817ce5-11	陈述句	天语吧	品牌:【天语】
935	d5d22d763cd144cdb0dad0a51e817ce5-17	特指问	CPU如何	CPU频率: ;CPU型号:
936	d5d22d763cd144cdb0dad0a51e817ce5-21	陈述句	cpu型号	CPU型号:
937	d5d22d763cd144cdb0dad0a51e817ce5-23	陈述句	天语220的cpu	品牌:【天语】;型号:【220】;CPU型号:
938	d6be26073cf146d69927ae35a49a4f43-1	陈述句	操作系统是flyme的	操作系统: ;型号:【flyme】
939	d6be26073cf146d69927ae35a49a4f43-3	陈述句	Flyme 4.0	操作系统:【Flyme 4.0】
940	d6be26073cf146d69927ae35a49a4f43-5	陈述句	操作系统是Flyme 4.0	操作系统:【Flyme 4.0】
941	d6be26073cf146d69927ae35a49a4f43-7	陈述句	屏幕尺寸是5.36	主屏尺寸:【5.092,5.628】
942	d6be26073cf146d69927ae35a49a4f43-9	陈述句	魅族、	品牌:【魅族】
943	d7425d6de751442095b874e128d1731d-1	陈述句	我想买一台1000块左右的实际	价格:【800,1200】
944	d7425d6de751442095b874e128d1731d-3	陈述句	国产的，小辣椒这个品牌不错	品牌:【小辣椒】
945	d7425d6de751442095b874e128d1731d-5	陈述句	我要一台1500块以下的手机	价格:【0,1500】
946	d748d30e680b4096b358ca3775546f00-7	陈述句	清晰一点的	后置摄像头像素:【清晰】
947	d748d30e680b4096b358ca3775546f00-9	正反问	有没有709左右的	主屏尺寸:【567.2,850.8】
948	d748d30e680b4096b358ca3775546f00-13	陈述句	高一点的	后置摄像头像素:【200,2147483647】
949	d7ec4c0b4edc4174a5aeb4cff415dedf-5	陈述句	品牌	品牌:【】
950	d7ec4c0b4edc4174a5aeb4cff415dedf-7	是非问	乐视手机有吗	品牌:【乐视】
951	d7ec4c0b4edc4174a5aeb4cff415dedf-15	陈述句	3600	价格:【3420,3780】
952	d7ec4c0b4edc4174a5aeb4cff415dedf-17	陈述句	3600左右的呢	价格:【2880,4320】
953	d7ec4c0b4edc4174a5aeb4cff415dedf-25	特指问	支持什么视频格式	视频格式:
954	d7ec4c0b4edc4174a5aeb4cff415dedf-27	陈述句	WIFI热点拿	WIFI热点:
955	d7ec4c0b4edc4174a5aeb4cff415dedf-29	特指问	手机部件有什么	手机部件:
956	d7ec4c0b4edc4174a5aeb4cff415dedf-31	特指问	手机附件呢	手机附件:
957	d8395a5957bd46cd9858f564c33dc880-1	陈述句	平均月销量高的手机	平均月销量:【高】
958	d8395a5957bd46cd9858f564c33dc880-9	是非问	前置摄像头有500万像素的吗	前置摄像头像素:【475,525】
959	d8395a5957bd46cd9858f564c33dc880-11	是非问	有超大字体的手机吗	字体:【超大字体】
960	d8395a5957bd46cd9858f564c33dc880-15	陈述句	1300万像素吧	后置摄像头像素:【1235,1365】
961	d8395a5957bd46cd9858f564c33dc880-17	是非问	有超大字体吗	字体:【超大字体】
962	d8395a5957bd46cd9858f564c33dc880-21	陈述句	安卓的	操作系统:【安卓】
963	d8395a5957bd46cd9858f564c33dc880-25	特指问	它的操作系统是？	操作系统:
964	d8395a5957bd46cd9858f564c33dc880-29	陈述句	那这台有超大字体那	字体:【超大字体】
965	d846f1cceb9949b9acff9fc367ed5e91-1	陈述句	我要买努比亚手机	品牌:【努比亚】
966	d846f1cceb9949b9acff9fc367ed5e91-3	陈述句	我要买努比亚X6的手机	品牌:【努比亚】;型号:【X6】
967	d846f1cceb9949b9acff9fc367ed5e91-5	特指问	它的CPU频率是多少	CPU频率:
968	d846f1cceb9949b9acff9fc367ed5e91-7	特指问	它的RAM频率是多少	RAM容量:
969	d86c4979a9fa401ab6860b98d207086e-1	陈述句	我要5寸以上的大屏手机	主屏尺寸:【5,2147483647】【5,2147483647】
970	dc7be7003728453d8283acc8875eee0b-1	陈述句	我想买4G手机	网络制式:【4G】
971	dc7be7003728453d8283acc8875eee0b-3	陈述句	我想买支持4G网络的手机	网络制式:【4G】
972	dc7be7003728453d8283acc8875eee0b-7	陈述句	要小米的手机	品牌:【小米】
973	dc7be7003728453d8283acc8875eee0b-9	陈述句	3000元以下	价格:【0,3000】
974	dc7be7003728453d8283acc8875eee0b-15	是非问	支持4G吗	网络制式:【4G】
975	dc7be7003728453d8283acc8875eee0b-17	是非问	支持3G吗	网络制式:【3G】
976	dcf638644e8743df8d06587109e85153-1	陈述句	价格4000以上	价格:【4000,2147483647】
977	dcf638644e8743df8d06587109e85153-5	陈述句	14吧	主屏尺寸:【0.99,4.04】
978	dcf638644e8743df8d06587109e85153-11	是非问	配置详情 有吗	手机部件:
979	dcf638644e8743df8d06587109e85153-15	是非问	还有吗	主屏尺寸:
980	dcf638644e8743df8d06587109e85153-19	是非问	3寸不是很小吗	主屏尺寸:【2.85,3.15】【小】
981	dcf638644e8743df8d06587109e85153-21	陈述句	价格不是问题，尽可能高	价格:【2000,2147483647】
982	dcf638644e8743df8d06587109e85153-23	陈述句	5000的吧	价格:【4750,5250】
983	dcf638644e8743df8d06587109e85153-25	陈述句	69999把	后置摄像头像素:【66499.05,73498.95】
984	de54070b8fb54a50aa7b338275967ac1-1	正反问	你这里有没有努比亚卖	品牌:【努比亚】
985	de54070b8fb54a50aa7b338275967ac1-3	陈述句	我想要X6型号的	型号:【X6】
986	de54070b8fb54a50aa7b338275967ac1-5	特指问	屏幕有多大	主屏尺寸:
987	de54070b8fb54a50aa7b338275967ac1-7	特指问	大概多少钱	主屏尺寸:【5,2147483647】;价格:
988	de54070b8fb54a50aa7b338275967ac1-9	是非问	那么华为G7-TL00型号的有吗	品牌:【华为】;型号:【G7-TL00】
989	de54070b8fb54a50aa7b338275967ac1-19	陈述句	我还是要努比亚X6好了	品牌:【努比亚】;型号:【X6】
990	e04b0d1df48d4d498b7c24d4e17aa1fd-1	陈述句	我想买音乐手机	产品特点:【音乐手机】
991	e04b0d1df48d4d498b7c24d4e17aa1fd-9	是非问	有音乐类型的手机吗	产品特点:【音乐手机】
992	e04b0d1df48d4d498b7c24d4e17aa1fd-21	陈述句	手机待机时间较长的	理论待机时间:【401,2147483647】
993	e04b0d1df48d4d498b7c24d4e17aa1fd-23	陈述句	黑莓	品牌:【黑莓】
994	e04b0d1df48d4d498b7c24d4e17aa1fd-29	陈述句	3000以下的	价格:【0,3000】
995	e04b0d1df48d4d498b7c24d4e17aa1fd-37	陈述句	3.5寸	主屏尺寸:【3.325,3.675】
996	e0d6c79dc2934f13bd95fe892859f663-1	陈述句	我想买大屏手机	主屏尺寸:【5,2147483647】
997	e0d6c79dc2934f13bd95fe892859f663-5	陈述句	国产的	品牌:【国产】
998	e0d6c79dc2934f13bd95fe892859f663-7	陈述句	我要买大屏手机啊	主屏尺寸:【5,2147483647】
999	e0d6c79dc2934f13bd95fe892859f663-11	陈述句	3000以下吧	价格:【0,3000】
1000	e0d6c79dc2934f13bd95fe892859f663-13	陈述句	1300万像素以下	后置摄像头像素:【0,1300】;
1001	e108943d3bdb4dcfacba3cca68cfcc25-1	陈述句	我想要IOS操作系统的手机	操作系统:【IOS】
1002	e108943d3bdb4dcfacba3cca68cfcc25-3	特指问	有哪些品牌的手机	品牌:
1003	e108943d3bdb4dcfacba3cca68cfcc25-5	正反问	能不能说一下苹果的配置	品牌:【苹果】;手机部件:
1004	e108943d3bdb4dcfacba3cca68cfcc25-7	正反问	能不能介绍下苹果手机的属性	品牌:【苹果】;属性:
1005	e108943d3bdb4dcfacba3cca68cfcc25-9	陈述句	我想要价格在2000以内的手机	价格:【0,2000】
1006	e108943d3bdb4dcfacba3cca68cfcc25-11	特指问	那有哪些品牌呢	品牌:
1007	e108943d3bdb4dcfacba3cca68cfcc25-13	特指问	IOS系统的呢	操作系统:【IOS】;
1008	e108943d3bdb4dcfacba3cca68cfcc25-17	陈述句	7000元以内	价格:【0,7000】
1009	e108943d3bdb4dcfacba3cca68cfcc25-19	陈述句	4.5寸	主屏尺寸:【4.275,4.725】
1010	e108943d3bdb4dcfacba3cca68cfcc25-21	陈述句	最少8000万像素	后置摄像头像素:【最少8000万】
1011	e108943d3bdb4dcfacba3cca68cfcc25-23	陈述句	支持GPS	GPS导航:【支持】
1012	e108943d3bdb4dcfacba3cca68cfcc25-25	陈述句	能够使用GPS导航的手机	GPS导航:
1013	e13d931e83834df4b460f65ae22d5722-1	正反问	你这里有没有便宜点的手机卖	价格:【0,2000】
1014	e13d931e83834df4b460f65ae22d5722-3	是非问	努比亚的有吗	品牌:【努比亚】
1015	e13d931e83834df4b460f65ae22d5722-9	陈述句	有点贵	价格:【2000,2147483647】
1016	e13d931e83834df4b460f65ae22d5722-13	正反问	有没有便宜一点的型号	价格:【0,2499】;型号:
1017	e13d931e83834df4b460f65ae22d5722-15	正反问	那有没有1000元左右的	价格:【800,1200】
1018	e13d931e83834df4b460f65ae22d5722-17	正反问	小米的呢	品牌:【小米】;价格:【800,1200】
1019	e13d931e83834df4b460f65ae22d5722-21	特指问	红米Note屏幕有多大	型号:【红米】【Note】;主屏尺寸:
1020	e13d931e83834df4b460f65ae22d5722-23	特指问	红米的屏幕有多大	品牌:【红米】;主屏尺寸:
1021	e45551a9af034c8e85b04f129a4a36fb-1	陈述句	我要电池容量为2000毫安的手机	电池容量:【2000】
1022	e45551a9af034c8e85b04f129a4a36fb-7	陈述句	安卓系统的就行	操作系统:【安卓】
1023	e45551a9af034c8e85b04f129a4a36fb-9	是非问	保修一年吗	保修时间:【一年】
1024	e45551a9af034c8e85b04f129a4a36fb-17	陈述句	我买飞利浦	品牌:【飞利浦】
1025	e45551a9af034c8e85b04f129a4a36fb-19	特指问	电池容量多少？	电池容量:
1026	e5fb2f37767d466e88146245ef10ae49-7	陈述句	理论通话时间	理论通话时间:
1027	e5fb2f37767d466e88146245ef10ae49-15	陈述句	数据接口	数据接口:
1028	e5fb2f37767d466e88146245ef10ae49-17	陈述句	数据功能	数据功能:
1029	e5fb2f37767d466e88146245ef10ae49-19	陈述句	WIFI热点	WIFI热点:
1030	e5fb2f37767d466e88146245ef10ae49-21	陈述句	WLAN	WLAN：
1031	e5fb2f37767d466e88146245ef10ae49-27	陈述句	拍照功能	拍照功能:
1032	e5fb2f37767d466e88146245ef10ae49-29	陈述句	视频格式	视频格式:
1033	e5fb2f37767d466e88146245ef10ae49-31	陈述句	主屏色彩	主屏色彩:
1034	e5fb2f37767d466e88146245ef10ae49-33	陈述句	ROM容量	ROM容量:
1035	e6b2e34195d541b88838367da0dafda3-3	特指问	手机质保时间有多长？	质保时间: ;理论通话时间:【401,2147483647】;理论待机时间:【401,2147483647】
1036	e6b2e34195d541b88838367da0dafda3-5	陈述句	质量保证时间	手机质量:【长】
1037	e6b2e34195d541b88838367da0dafda3-7	特指问	最近上市的手机有哪些	上市日期:【2015】
1038	e6b2e34195d541b88838367da0dafda3-11	特指问	中兴有哪些型号	品牌:【中兴】;型号:
1039	e6b2e34195d541b88838367da0dafda3-13	特指问	支持GPS导航的呢	GPS导航:【支持】;品牌:【中兴】;型号:
1040	e6b2e34195d541b88838367da0dafda3-15	特指问	中兴手机有哪些型号	品牌:【中兴】;型号:
1041	e6b2e34195d541b88838367da0dafda3-17	特指问	中兴Q509T用起来怎样？	品牌:【中兴】;型号:【Q509T】
1042	e6b2e34195d541b88838367da0dafda3-19	特指问	这款手机的配置怎样	手机部件:
1043	e6b2e34195d541b88838367da0dafda3-21	陈述句	我想要有重力感应的手机	感应器类型:【重力】
1044	e6b2e34195d541b88838367da0dafda3-23	特指问	请问这款手机最大扩展容量是多少	最大拓展容量:
1045	e6b2e34195d541b88838367da0dafda3-25	陈述句	我想要最大扩展容量为16G的手机	最大拓展容量:【16G】
1046	e6b2e34195d541b88838367da0dafda3-29	特指问	那还有什么手机？	价格:【189.05,39900】
1047	e6b2e34195d541b88838367da0dafda3-31	特指问	是什么品牌的呢？	品牌:
1048	e6b2e34195d541b88838367da0dafda3-33	陈述句	RAM容量2G	后置摄像头像素:【760,840】
1049	e6eea27824714626ac5b41d45d295c59-1	正反问	你这里有没有小辣椒牌子的手机卖	品牌:【小辣椒】
1050	e6eea27824714626ac5b41d45d295c59-3	陈述句	我想要LA3型号的	型号:【LA3】
1051	e6eea27824714626ac5b41d45d295c59-11	特指问	那么是什么	操作系统:
1052	e6eea27824714626ac5b41d45d295c59-13	特指问	前置摄像头像素多大	前置摄像头像素:
1053	e9756472171c43d5a41021786ef1fadd-5	陈述句	3000元左右	价格:【2400,3600】
1054	efb003d9845b488093cc8e74dfd103ac-1	陈述句	2000左右的预算买什么手机比较好	价格:【1600,2400】
1055	efb003d9845b488093cc8e74dfd103ac-5	特指问	哪款	候选手机:【推荐】
1056	efb003d9845b488093cc8e74dfd103ac-13	是非问	好用吗	优点:;缺点:
1057	efb003d9845b488093cc8e74dfd103ac-15	特指问	CPU多少核	CPU核数:
1058	efb003d9845b488093cc8e74dfd103ac-27	陈述句	我要2000元左右的	价格:【1600,2400】
1059	efb003d9845b488093cc8e74dfd103ac-29	特指问	CPU核数多少	CPU核数:
1060	efb003d9845b488093cc8e74dfd103ac-33	陈述句	CPU型号	CPU型号:
1061	efb003d9845b488093cc8e74dfd103ac-35	是非问	好吧，人气高吗	人气:【高】
1062	efb003d9845b488093cc8e74dfd103ac-37	陈述句	平均月销量	人气:【高】
1063	f0119e4f40e44153a4cf2b46868910d4-1	陈述句	你好，我想要一台摄像功能强大的手机	后置摄像头像素:【495,2147483647】【495,2147483647】;基本功能:
1064	f0119e4f40e44153a4cf2b46868910d4-5	陈述句	嗯 自动对焦的	对焦方式:【自动对焦】
1065	f0119e4f40e44153a4cf2b46868910d4-7	陈述句	那高清视频呢	产品特点：【高清视频】
1066	f0119e4f40e44153a4cf2b46868910d4-9	陈述句	那有前后置摄像头的呢	前置摄像头像素: ;后置摄像头像素: 
1067	f0119e4f40e44153a4cf2b46868910d4-11	正反问	那支持WIFI的又有没有	WIFI热点:【支持】
1068	f0119e4f40e44153a4cf2b46868910d4-13	陈述句	就是可以开WIFI热点的	WIFI热点:【支持】
1069	f0119e4f40e44153a4cf2b46868910d4-15	陈述句	华为把	品牌:【华为】
1070	f021ff5e59744ddebc4e4cda261b745b-1	陈述句	我想买台配置高的	手机部件:【高】
1071	f021ff5e59744ddebc4e4cda261b745b-5	陈述句	好吧，我想要台运行速度快的手机	CPU频率:【快】
1072	f021ff5e59744ddebc4e4cda261b745b-11	选择问	外国品牌，苹果或者三星或者HTC都行	品牌:【苹果】【三星】【HTC】
1073	f021ff5e59744ddebc4e4cda261b745b-13	陈述句	三星也行	品牌:【三星】
1074	f021ff5e59744ddebc4e4cda261b745b-15	陈述句	5寸到5.5寸吧	主屏尺寸:【5,5.5】
1075	f021ff5e59744ddebc4e4cda261b745b-17	陈述句	5寸也可以	主屏尺寸:【4.75,5.25】
1076	f277924e216d4180a265fd08470e61b2-1	陈述句	我要努比亚X6手机	品牌:【努比亚】;型号:【X6】
1077	f277924e216d4180a265fd08470e61b2-5	特指问	它的RAM容量是多少?	RAM容量:
1078	f277924e216d4180a265fd08470e61b2-7	特指问	它的ROM容量是多少	ROM容量:
1079	f277924e216d4180a265fd08470e61b2-11	是非问	您，这里有华为G7-TL00吗？	品牌:【华为】;型号:【G7-TL00】
1080	f277924e216d4180a265fd08470e61b2-13	特指问	这款手机的CPU频率是多少	CPU频率:
1081	f277924e216d4180a265fd08470e61b2-15	特指问	它的ROm容量是多少?	ROM容量：
1082	f277924e216d4180a265fd08470e61b2-19	特指问	它的RAM容量是多少？	RAM容量:
1083	f277924e216d4180a265fd08470e61b2-21	选择问	努比亚X6性能上要比华为G7-TL00好嘛？	品牌:【努比亚】【华为】;型号:【X6】【G7-TL00】;性能得分:
1084	f277924e216d4180a265fd08470e61b2-25	陈述句	就要华为G7-TL00了	品牌:【华为】;型号:【G7-TL00】
1085	f338917e81a84452a55c7b1b71864855-1	陈述句	我想买一台最新的小米手机，我是小米的忠实	品牌：【小米】
1086	f338917e81a84452a55c7b1b71864855-3	陈述句	我想买一台最新的小米手机	上市日期:【2015】;品牌:【小米】
1087	f338917e81a84452a55c7b1b71864855-5	陈述句	没关系，只要是最好的小米手机就行了	品牌:【小米】
1088	f338917e81a84452a55c7b1b71864855-7	陈述句	我只想买小米手机	品牌:【小米】
1089	f38f9d1fbd984833bbd70195dc0d730b-9	是非问	那你再介绍下 华为G7-TL00好吗	品牌:【华为】;型号:【G7-TL00】
1090	f38f9d1fbd984833bbd70195dc0d730b-13	陈述句	3000吧	价格:【2850,3150】
1091	f49a3250210b44f98adae79d95c84d9f-3	正反问	请问你这里有没有努比亚手机卖	品牌:【努比亚】
1092	f49a3250210b44f98adae79d95c84d9f-9	特指问	性能怎么样	性能得分:【500,2147483647】
1093	f49a3250210b44f98adae79d95c84d9f-11	特指问	努比亚屏幕有多大	品牌:【努比亚】;主屏尺寸:
1094	f49a3250210b44f98adae79d95c84d9f-13	特指问	X6呢	型号:【X6】;品牌:【努比亚】;主屏尺寸:
1095	f49a3250210b44f98adae79d95c84d9f-15	陈述句	屏幕太大了	主屏尺寸:【5,2147483647】
1096	f49a3250210b44f98adae79d95c84d9f-17	正反问	有没有华为的手机	品牌:【华为】
1097	f49a3250210b44f98adae79d95c84d9f-21	特指问	B199的屏幕多大	型号:【B199】;主屏尺寸:
1098	f49a3250210b44f98adae79d95c84d9f-27	特指问	华为B199的多少钱	品牌:【华为】;型号:【B199】;价格:
1099	f4e6234a8e4249cdac2c8c1fc72bb106-1	陈述句	我想要平均月销量高的手机	平均月销量:【高】
1100	f4e6234a8e4249cdac2c8c1fc72bb106-3	陈述句	没啥要求	品牌:【】
1101	f4e6234a8e4249cdac2c8c1fc72bb106-7	陈述句	价格也没有要求	价格:【】
1102	f4e6234a8e4249cdac2c8c1fc72bb106-9	陈述句	屏幕大小也没有要求	主屏尺寸:【随便】
1103	f4e6234a8e4249cdac2c8c1fc72bb106-11	是非问	前置摄像头像素有500万的吗	前置摄像头像素:【500】
1104	f4e6234a8e4249cdac2c8c1fc72bb106-15	陈述句	4寸吧	主屏尺寸:【3.8,4.2】
1105	f4e6234a8e4249cdac2c8c1fc72bb106-19	是非问	有超大字体的吗	超大字体:
1106	f4e6234a8e4249cdac2c8c1fc72bb106-23	陈述句	我想要支持超大字体的手机	字体:【超大字体】
1107	f74e24082c4b4df2853a811ea45901d8-1	正反问	你这里还有没有诺基亚卖	品牌:【诺基亚】
1108	f74e24082c4b4df2853a811ea45901d8-3	正反问	1000左右的有没有	价格:【800,1200】
1109	f74e24082c4b4df2853a811ea45901d8-5	正反问	那1200的呢	价格:【1140,1260】
1110	f74e24082c4b4df2853a811ea45901d8-7	正反问	有没有1200元左右的	价格:【960,1440】
1111	f74e24082c4b4df2853a811ea45901d8-9	正反问	1500元的呢	价格:【1425,1575】
1112	f76ee10c3fef4b748b2c53b5c410558e-11	是非问	能玩手机游戏吗？	产品特点:【手游】
1113	f76ee10c3fef4b748b2c53b5c410558e-13	是非问	配置高吗	手机部件:【高】
1114	f76ee10c3fef4b748b2c53b5c410558e-15	是非问	配置	手机部件:【高】
1115	f76ee10c3fef4b748b2c53b5c410558e-17	是非问	刚刚那台呢	上市日期:【2015】;手机部件:【高】
1116	f76ee10c3fef4b748b2c53b5c410558e-19	陈述句	华为B199	品牌:【华为】;型号:【B199】
1117	f76ee10c3fef4b748b2c53b5c410558e-23	特指问	内存呢	RAM容量:
1118	f76ee10c3fef4b748b2c53b5c410558e-27	是非问	贵一点有吗？	价格:【1199,2147483647】
1119	f7de00239ef64ea5a73a95a9efedef61-3	陈述句	荣耀P7	型号:【荣耀】【P7】
1120	f7de00239ef64ea5a73a95a9efedef61-11	陈述句	那你介绍我几款手机，拍照好看的	拍照效果:【好看】
1121	f8f6b468d92a4e049164d56fe225923a-1	陈述句	有没小米手机啊	品牌:【小米】
1122	f8f6b468d92a4e049164d56fe225923a-5	特指问	有多大的	主屏尺寸:
1123	f8f6b468d92a4e049164d56fe225923a-7	陈述句	我要最大的	主屏尺寸:【5.415,5.985】
1124	f8f6b468d92a4e049164d56fe225923a-9	特指问	有多高像素啊	后置摄像头像素:
1125	f8f6b468d92a4e049164d56fe225923a-15	特指问	价格	价格:【0,3000】
1126	fbf770555bf14bcfb11f7fadf548bfdd-3	正反问	有没有其他	品牌:【其他】
1127	fbf770555bf14bcfb11f7fadf548bfdd-5	陈述句	比酷	品牌：【比酷】
1128	fbf770555bf14bcfb11f7fadf548bfdd-7	陈述句	小辣椒手机	品牌:【小辣椒】
1129	fbf770555bf14bcfb11f7fadf548bfdd-13	陈述句	5.5	型号:【5】【5】
1130	fbf770555bf14bcfb11f7fadf548bfdd-21	陈述句	我要小辣椒5	品牌：【小辣椒】；型号：【5】
1131	fd75f2a86b084ac9be1bae3ef69b807c-1	陈述句	我想要台屏幕大小5.1的	主屏尺寸:【4.845,5.355】
1132	fd75f2a86b084ac9be1bae3ef69b807c-3	陈述句	主屏大小	主屏尺寸:【4.845,5.355】
1133	fd75f2a86b084ac9be1bae3ef69b807c-7	陈述句	主屏尺寸5.1	主屏尺寸:【4.845,5.355】
1134	fd75f2a86b084ac9be1bae3ef69b807c-11	陈述句	6000	价格:【5700,6300】
1135	fe2150b165014397acecfd988cf684ff-1	陈述句	你好，我想要iphone	品牌:【三星】
1136	fe2150b165014397acecfd988cf684ff-3	陈述句	后置摄像头像素为500万	后置摄像头像素:【475,525】;
1137	fe2150b165014397acecfd988cf684ff-5	陈述句	我想要iphone5s	品牌:【苹果】;型号:【5s】
1138	fe2150b165014397acecfd988cf684ff-7	陈述句	要金色的那种	颜色:【金】
1139	fe2150b165014397acecfd988cf684ff-9	陈述句	CPU核数为2	CPU核数：【2】
1140	fe2150b165014397acecfd988cf684ff-11	陈述句	好吧，那我要金色的苹果iphone5s	品牌:【苹果】;型号:【5s】;颜色:【金】
1141	fe2150b165014397acecfd988cf684ff-13	陈述句	嗯，要金色的那款	颜色:【金】
1142	fe2150b165014397acecfd988cf684ff-15	陈述句	苹果iphone5s	品牌:【苹果】;型号:【5s】
